keyword,date,competitor_count,avg_competitor_bid,our_rank,market_share,competitive_intensity,seasonal_demand_index
usb cable,2025-05-22 17:06:27.128080,8,1.92,4,0.071,0.76,1.0
wireless headphones,2025-05-22 17:06:27.128080,12,3.99,3,0.179,0.65,1.0
bluetooth speaker,2025-05-22 17:06:27.128080,14,2.95,2,0.067,0.67,1.0
external drive,2025-05-22 17:06:27.128080,24,1.8,10,0.074,0.32,1.0
laptop bag,2025-05-22 17:06:27.128080,19,1.22,8,0.387,0.67,1.0
gaming mouse,2025-05-22 17:06:27.128080,7,0.87,2,0.365,0.99,1.0
screen protector,2025-05-22 17:06:27.128080,21,4.08,1,0.506,0.68,1.0
tablet stand,2025-05-22 17:06:27.128080,8,1.08,7,0.324,0.83,1.0
fitness tracker,2025-05-22 17:06:27.128080,19,1.09,8,0.209,0.54,1.0
charging cable,2025-05-22 17:06:27.128080,14,3.68,4,0.174,0.98,1.0
phone mount,2025-05-22 17:06:27.128080,17,0.51,1,0.253,0.5,1.0
car charger,2025-05-22 17:06:27.128080,13,0.72,9,0.164,0.35,1.0
power bank,2025-05-22 17:06:27.128080,24,3.12,1,0.325,0.47,1.0
keyboard,2025-05-22 17:06:27.128080,23,0.97,9,0.324,0.7,1.0
smart watch,2025-05-22 17:06:27.128080,15,0.47,10,0.077,0.96,1.0
phone case,2025-05-22 17:06:27.128080,9,2.23,8,0.279,0.88,1.0
usb cable,2025-05-23 17:06:27.128080,8,1.82,5,0.267,0.6,1.01
wireless headphones,2025-05-23 17:06:27.128080,12,0.63,7,0.039,0.58,1.01
bluetooth speaker,2025-05-23 17:06:27.128080,23,2.17,5,0.114,0.57,1.01
external drive,2025-05-23 17:06:27.128080,20,1.04,5,0.374,0.91,1.01
laptop bag,2025-05-23 17:06:27.128080,24,0.41,4,0.295,0.94,1.01
gaming mouse,2025-05-23 17:06:27.128080,25,2.29,5,0.316,0.5,1.01
screen protector,2025-05-23 17:06:27.128080,20,1.61,7,0.525,0.37,1.01
tablet stand,2025-05-23 17:06:27.128080,21,1.54,9,0.142,0.84,1.01
fitness tracker,2025-05-23 17:06:27.128080,23,1.24,4,0.095,0.58,1.01
charging cable,2025-05-23 17:06:27.128080,21,2.69,7,0.025,0.81,1.01
phone mount,2025-05-23 17:06:27.128080,7,1.39,7,0.16,0.77,1.01
car charger,2025-05-23 17:06:27.128080,25,2.57,2,0.044,0.53,1.01
power bank,2025-05-23 17:06:27.128080,21,1.91,8,0.006,0.46,1.01
keyboard,2025-05-23 17:06:27.128080,19,2.5,7,0.448,0.72,1.01
smart watch,2025-05-23 17:06:27.128080,14,1.74,6,0.232,0.96,1.01
phone case,2025-05-23 17:06:27.128080,21,4.61,1,0.238,0.96,1.01
usb cable,2025-05-24 17:06:27.128080,22,1.59,5,0.113,0.45,1.01
wireless headphones,2025-05-24 17:06:27.128080,11,1.34,2,0.169,0.75,1.01
bluetooth speaker,2025-05-24 17:06:27.128080,24,1.96,7,0.149,0.37,1.01
external drive,2025-05-24 17:06:27.128080,25,6.2,6,0.276,0.91,1.01
laptop bag,2025-05-24 17:06:27.128080,10,1.11,2,0.357,0.8,1.01
gaming mouse,2025-05-24 17:06:27.128080,19,0.46,10,0.216,0.95,1.01
screen protector,2025-05-24 17:06:27.128080,6,0.55,1,0.194,0.61,1.01
tablet stand,2025-05-24 17:06:27.128080,15,4.19,4,0.27,0.42,1.01
fitness tracker,2025-05-24 17:06:27.128080,7,1.27,3,0.346,0.52,1.01
charging cable,2025-05-24 17:06:27.128080,18,0.72,1,0.134,0.98,1.01
phone mount,2025-05-24 17:06:27.128080,16,1.41,6,0.264,0.76,1.01
car charger,2025-05-24 17:06:27.128080,20,1.45,5,0.151,0.47,1.01
power bank,2025-05-24 17:06:27.128080,6,0.91,3,0.113,0.35,1.01
keyboard,2025-05-24 17:06:27.128080,25,1.51,9,0.262,0.7,1.01
smart watch,2025-05-24 17:06:27.128080,14,0.52,6,0.23,0.95,1.01
phone case,2025-05-24 17:06:27.128080,24,1.7,6,0.158,0.8,1.01
usb cable,2025-05-25 17:06:27.128080,22,0.66,8,0.123,0.81,1.02
wireless headphones,2025-05-25 17:06:27.128080,18,1.59,10,0.239,0.37,1.02
bluetooth speaker,2025-05-25 17:06:27.128080,15,0.35,6,0.202,0.9,1.02
external drive,2025-05-25 17:06:27.128080,23,0.52,2,0.029,0.35,1.02
laptop bag,2025-05-25 17:06:27.128080,25,3.54,3,0.068,0.9,1.02
gaming mouse,2025-05-25 17:06:27.128080,18,2.09,9,0.088,0.38,1.02
screen protector,2025-05-25 17:06:27.128080,7,1.35,4,0.124,0.9,1.02
tablet stand,2025-05-25 17:06:27.128080,6,1.64,8,0.048,0.39,1.02
fitness tracker,2025-05-25 17:06:27.128080,21,0.79,4,0.211,0.44,1.02
charging cable,2025-05-25 17:06:27.128080,19,1.74,4,0.139,0.32,1.02
phone mount,2025-05-25 17:06:27.128080,8,1.56,9,0.148,0.95,1.02
car charger,2025-05-25 17:06:27.128080,12,0.63,6,0.239,0.93,1.02
power bank,2025-05-25 17:06:27.128080,23,0.59,5,0.101,0.58,1.02
keyboard,2025-05-25 17:06:27.128080,8,0.56,3,0.033,0.76,1.02
smart watch,2025-05-25 17:06:27.128080,12,0.54,5,0.239,0.46,1.02
phone case,2025-05-25 17:06:27.128080,15,0.26,10,0.044,1.0,1.02
usb cable,2025-05-26 17:06:27.128080,10,2.52,4,0.09,0.86,1.03
wireless headphones,2025-05-26 17:06:27.128080,10,4.04,6,0.219,0.73,1.03
bluetooth speaker,2025-05-26 17:06:27.128080,21,2.93,1,0.268,0.62,1.03
external drive,2025-05-26 17:06:27.128080,10,1.43,5,0.501,1.0,1.03
laptop bag,2025-05-26 17:06:27.128080,16,2.26,6,0.17,0.53,1.03
gaming mouse,2025-05-26 17:06:27.128080,20,1.09,2,0.296,0.6,1.03
screen protector,2025-05-26 17:06:27.128080,8,5.31,7,0.065,0.5,1.03
tablet stand,2025-05-26 17:06:27.128080,10,0.37,8,0.198,0.43,1.03
fitness tracker,2025-05-26 17:06:27.128080,13,1.34,4,0.186,0.46,1.03
charging cable,2025-05-26 17:06:27.128080,15,2.16,2,0.252,0.61,1.03
phone mount,2025-05-26 17:06:27.128080,14,0.63,10,0.358,0.69,1.03
car charger,2025-05-26 17:06:27.128080,9,0.66,9,0.289,0.86,1.03
power bank,2025-05-26 17:06:27.128080,18,1.36,4,0.188,0.79,1.03
keyboard,2025-05-26 17:06:27.128080,9,0.62,8,0.424,0.43,1.03
smart watch,2025-05-26 17:06:27.128080,6,0.06,3,0.093,0.59,1.03
phone case,2025-05-26 17:06:27.128080,11,2.28,2,0.363,0.68,1.03
usb cable,2025-05-27 17:06:27.128080,19,2.79,5,0.384,0.82,1.03
wireless headphones,2025-05-27 17:06:27.128080,25,2.98,1,0.284,0.55,1.03
bluetooth speaker,2025-05-27 17:06:27.128080,9,3.02,9,0.332,0.79,1.03
external drive,2025-05-27 17:06:27.128080,7,0.96,1,0.243,0.55,1.03
laptop bag,2025-05-27 17:06:27.128080,17,0.79,1,0.239,0.9,1.03
gaming mouse,2025-05-27 17:06:27.128080,25,0.3,8,0.278,0.89,1.03
screen protector,2025-05-27 17:06:27.128080,17,0.2,4,0.048,0.49,1.03
tablet stand,2025-05-27 17:06:27.128080,14,1.72,5,0.076,0.69,1.03
fitness tracker,2025-05-27 17:06:27.128080,11,1.06,4,0.269,0.88,1.03
charging cable,2025-05-27 17:06:27.128080,13,1.24,7,0.2,0.33,1.03
phone mount,2025-05-27 17:06:27.128080,5,2.08,3,0.364,0.54,1.03
car charger,2025-05-27 17:06:27.128080,25,1.21,7,0.192,0.74,1.03
power bank,2025-05-27 17:06:27.128080,11,3.4,4,0.363,0.41,1.03
keyboard,2025-05-27 17:06:27.128080,16,2.45,7,0.137,0.62,1.03
smart watch,2025-05-27 17:06:27.128080,13,1.21,2,0.172,0.56,1.03
phone case,2025-05-27 17:06:27.128080,17,2.6,3,0.156,0.72,1.03
usb cable,2025-05-28 17:06:27.128080,23,1.62,9,0.1,0.58,1.04
wireless headphones,2025-05-28 17:06:27.128080,20,1.27,1,0.179,0.83,1.04
bluetooth speaker,2025-05-28 17:06:27.128080,10,2.65,6,0.134,0.95,1.04
external drive,2025-05-28 17:06:27.128080,9,1.46,2,0.45,0.51,1.04
laptop bag,2025-05-28 17:06:27.128080,16,2.4,2,0.068,0.3,1.04
gaming mouse,2025-05-28 17:06:27.128080,13,2.15,4,0.511,0.55,1.04
screen protector,2025-05-28 17:06:27.128080,16,4.2,2,0.159,0.72,1.04
tablet stand,2025-05-28 17:06:27.128080,20,0.91,3,0.429,0.9,1.04
fitness tracker,2025-05-28 17:06:27.128080,25,2.2,4,0.105,0.94,1.04
charging cable,2025-05-28 17:06:27.128080,17,0.46,9,0.207,0.81,1.04
phone mount,2025-05-28 17:06:27.128080,16,3.9,1,0.076,0.51,1.04
car charger,2025-05-28 17:06:27.128080,13,2.37,5,0.085,0.55,1.04
power bank,2025-05-28 17:06:27.128080,22,1.14,6,0.034,0.62,1.04
keyboard,2025-05-28 17:06:27.128080,10,0.85,7,0.343,0.58,1.04
smart watch,2025-05-28 17:06:27.128080,6,0.16,3,0.175,0.31,1.04
phone case,2025-05-28 17:06:27.128080,12,4.64,6,0.107,0.67,1.04
usb cable,2025-05-29 17:06:27.128080,14,0.78,8,0.146,0.52,1.05
wireless headphones,2025-05-29 17:06:27.128080,9,1.69,3,0.184,0.63,1.05
bluetooth speaker,2025-05-29 17:06:27.128080,13,0.4,1,0.15,0.88,1.05
external drive,2025-05-29 17:06:27.128080,15,1.83,6,0.1,0.33,1.05
laptop bag,2025-05-29 17:06:27.128080,12,0.57,1,0.357,0.34,1.05
gaming mouse,2025-05-29 17:06:27.128080,17,1.73,2,0.062,0.72,1.05
screen protector,2025-05-29 17:06:27.128080,8,0.4,4,0.289,0.82,1.05
tablet stand,2025-05-29 17:06:27.128080,24,0.68,1,0.106,0.7,1.05
fitness tracker,2025-05-29 17:06:27.128080,5,1.01,5,0.039,0.56,1.05
charging cable,2025-05-29 17:06:27.128080,16,1.83,9,0.25,0.65,1.05
phone mount,2025-05-29 17:06:27.128080,24,1.35,3,0.177,0.34,1.05
car charger,2025-05-29 17:06:27.128080,20,0.93,6,0.133,0.61,1.05
power bank,2025-05-29 17:06:27.128080,25,0.44,3,0.409,0.63,1.05
keyboard,2025-05-29 17:06:27.128080,11,0.68,5,0.108,0.46,1.05
smart watch,2025-05-29 17:06:27.128080,6,0.07,9,0.232,0.75,1.05
phone case,2025-05-29 17:06:27.128080,20,2.27,1,0.072,0.95,1.05
usb cable,2025-05-30 17:06:27.128080,16,1.33,7,0.094,0.65,1.05
wireless headphones,2025-05-30 17:06:27.128080,22,1.29,4,0.22,0.33,1.05
bluetooth speaker,2025-05-30 17:06:27.128080,12,2.63,6,0.344,0.47,1.05
external drive,2025-05-30 17:06:27.128080,16,2.1,6,0.254,0.67,1.05
laptop bag,2025-05-30 17:06:27.128080,17,1.38,4,0.12,0.55,1.05
gaming mouse,2025-05-30 17:06:27.128080,21,4.15,6,0.235,0.97,1.05
screen protector,2025-05-30 17:06:27.128080,23,1.57,9,0.211,0.99,1.05
tablet stand,2025-05-30 17:06:27.128080,7,2.52,9,0.212,0.41,1.05
fitness tracker,2025-05-30 17:06:27.128080,9,0.94,9,0.183,0.3,1.05
charging cable,2025-05-30 17:06:27.128080,13,0.92,4,0.124,0.73,1.05
phone mount,2025-05-30 17:06:27.128080,24,0.28,10,0.267,0.54,1.05
car charger,2025-05-30 17:06:27.128080,19,2.0,5,0.201,0.9,1.05
power bank,2025-05-30 17:06:27.128080,21,0.57,7,0.265,0.67,1.05
keyboard,2025-05-30 17:06:27.128080,23,0.35,9,0.238,0.94,1.05
smart watch,2025-05-30 17:06:27.128080,6,1.76,1,0.279,0.36,1.05
phone case,2025-05-30 17:06:27.128080,16,0.67,6,0.082,0.43,1.05
usb cable,2025-05-31 17:06:27.128080,20,1.97,4,0.056,0.95,1.06
wireless headphones,2025-05-31 17:06:27.128080,11,2.05,9,0.136,0.38,1.06
bluetooth speaker,2025-05-31 17:06:27.128080,5,0.72,8,0.117,0.53,1.06
external drive,2025-05-31 17:06:27.128080,24,1.63,3,0.126,0.97,1.06
laptop bag,2025-05-31 17:06:27.128080,17,2.02,7,0.189,0.72,1.06
gaming mouse,2025-05-31 17:06:27.128080,5,1.69,10,0.226,0.6,1.06
screen protector,2025-05-31 17:06:27.128080,14,2.29,1,0.061,0.98,1.06
tablet stand,2025-05-31 17:06:27.128080,14,1.74,5,0.049,0.46,1.06
fitness tracker,2025-05-31 17:06:27.128080,19,0.53,6,0.414,0.34,1.06
charging cable,2025-05-31 17:06:27.128080,5,1.06,2,0.272,0.93,1.06
phone mount,2025-05-31 17:06:27.128080,19,0.49,6,0.257,0.51,1.06
car charger,2025-05-31 17:06:27.128080,5,0.76,6,0.116,0.94,1.06
power bank,2025-05-31 17:06:27.128080,18,3.5,7,0.391,0.42,1.06
keyboard,2025-05-31 17:06:27.128080,16,1.34,6,0.296,0.77,1.06
smart watch,2025-05-31 17:06:27.128080,21,1.14,10,0.242,0.97,1.06
phone case,2025-05-31 17:06:27.128080,24,0.32,1,0.21,0.78,1.06
usb cable,2025-06-01 17:06:27.128080,25,1.93,7,0.557,0.68,1.07
wireless headphones,2025-06-01 17:06:27.128080,15,1.2,9,0.303,0.78,1.07
bluetooth speaker,2025-06-01 17:06:27.128080,17,2.47,10,0.475,0.75,1.07
external drive,2025-06-01 17:06:27.128080,20,7.27,3,0.025,0.99,1.07
laptop bag,2025-06-01 17:06:27.128080,10,0.99,4,0.322,0.67,1.07
gaming mouse,2025-06-01 17:06:27.128080,10,0.7,5,0.064,0.76,1.07
screen protector,2025-06-01 17:06:27.128080,10,1.66,1,0.238,0.53,1.07
tablet stand,2025-06-01 17:06:27.128080,13,0.96,4,0.19,0.65,1.07
fitness tracker,2025-06-01 17:06:27.128080,5,0.86,1,0.112,0.67,1.07
charging cable,2025-06-01 17:06:27.128080,17,1.07,4,0.126,0.35,1.07
phone mount,2025-06-01 17:06:27.128080,7,1.47,10,0.276,0.58,1.07
car charger,2025-06-01 17:06:27.128080,8,0.46,1,0.221,0.47,1.07
power bank,2025-06-01 17:06:27.128080,18,0.94,10,0.273,0.44,1.07
keyboard,2025-06-01 17:06:27.128080,20,0.53,2,0.18,0.82,1.07
smart watch,2025-06-01 17:06:27.128080,12,0.81,7,0.117,0.62,1.07
phone case,2025-06-01 17:06:27.128080,12,1.89,6,0.161,0.95,1.07
usb cable,2025-06-02 17:06:27.128080,23,0.54,2,0.028,0.97,1.08
wireless headphones,2025-06-02 17:06:27.128080,7,0.52,5,0.014,0.54,1.08
bluetooth speaker,2025-06-02 17:06:27.128080,9,2.43,1,0.264,0.82,1.08
external drive,2025-06-02 17:06:27.128080,9,1.24,9,0.046,0.35,1.08
laptop bag,2025-06-02 17:06:27.128080,17,2.02,2,0.067,0.94,1.08
gaming mouse,2025-06-02 17:06:27.128080,9,0.91,3,0.073,0.82,1.08
screen protector,2025-06-02 17:06:27.128080,11,0.41,3,0.53,0.32,1.08
tablet stand,2025-06-02 17:06:27.128080,22,0.9,7,0.296,0.4,1.08
fitness tracker,2025-06-02 17:06:27.128080,8,2.39,5,0.361,0.36,1.08
charging cable,2025-06-02 17:06:27.128080,5,1.42,3,0.122,0.45,1.08
phone mount,2025-06-02 17:06:27.128080,25,3.29,5,0.118,0.42,1.08
car charger,2025-06-02 17:06:27.128080,15,2.33,5,0.049,0.38,1.08
power bank,2025-06-02 17:06:27.128080,9,1.93,3,0.021,0.76,1.08
keyboard,2025-06-02 17:06:27.128080,13,3.07,10,0.447,0.89,1.08
smart watch,2025-06-02 17:06:27.128080,9,2.33,3,0.194,0.69,1.08
phone case,2025-06-02 17:06:27.128080,14,1.88,4,0.355,0.41,1.08
usb cable,2025-06-03 17:06:27.128080,5,1.56,3,0.113,0.73,1.08
wireless headphones,2025-06-03 17:06:27.128080,12,0.5,3,0.102,0.85,1.08
bluetooth speaker,2025-06-03 17:06:27.128080,6,1.39,1,0.311,0.65,1.08
external drive,2025-06-03 17:06:27.128080,5,2.54,2,0.224,0.88,1.08
laptop bag,2025-06-03 17:06:27.128080,11,0.79,3,0.321,0.42,1.08
gaming mouse,2025-06-03 17:06:27.128080,19,1.21,9,0.188,0.47,1.08
screen protector,2025-06-03 17:06:27.128080,24,0.87,3,0.118,0.82,1.08
tablet stand,2025-06-03 17:06:27.128080,22,2.01,3,0.123,0.97,1.08
fitness tracker,2025-06-03 17:06:27.128080,13,1.29,4,0.03,0.5,1.08
charging cable,2025-06-03 17:06:27.128080,15,0.68,1,0.117,0.96,1.08
phone mount,2025-06-03 17:06:27.128080,25,0.84,10,0.27,0.46,1.08
car charger,2025-06-03 17:06:27.128080,20,0.54,10,0.149,0.32,1.08
power bank,2025-06-03 17:06:27.128080,8,0.35,4,0.123,0.98,1.08
keyboard,2025-06-03 17:06:27.128080,15,1.1,4,0.033,0.38,1.08
smart watch,2025-06-03 17:06:27.128080,10,0.14,10,0.089,0.43,1.08
phone case,2025-06-03 17:06:27.128080,15,1.73,7,0.186,0.61,1.08
usb cable,2025-06-04 17:06:27.128080,8,1.48,8,0.333,0.57,1.09
wireless headphones,2025-06-04 17:06:27.128080,18,0.98,3,0.223,0.55,1.09
bluetooth speaker,2025-06-04 17:06:27.128080,23,2.06,5,0.28,0.6,1.09
external drive,2025-06-04 17:06:27.128080,21,3.32,5,0.258,0.73,1.09
laptop bag,2025-06-04 17:06:27.128080,18,1.0,8,0.034,0.72,1.09
gaming mouse,2025-06-04 17:06:27.128080,17,0.4,5,0.149,0.82,1.09
screen protector,2025-06-04 17:06:27.128080,6,2.37,9,0.319,0.84,1.09
tablet stand,2025-06-04 17:06:27.128080,24,1.38,8,0.139,0.97,1.09
fitness tracker,2025-06-04 17:06:27.128080,19,0.93,10,0.224,0.43,1.09
charging cable,2025-06-04 17:06:27.128080,16,1.52,4,0.086,0.61,1.09
phone mount,2025-06-04 17:06:27.128080,17,1.22,2,0.08,0.6,1.09
car charger,2025-06-04 17:06:27.128080,13,2.96,1,0.114,0.61,1.09
power bank,2025-06-04 17:06:27.128080,22,0.39,4,0.053,0.82,1.09
keyboard,2025-06-04 17:06:27.128080,5,1.71,8,0.183,0.6,1.09
smart watch,2025-06-04 17:06:27.128080,6,1.57,10,0.258,0.98,1.09
phone case,2025-06-04 17:06:27.128080,6,3.13,7,0.046,0.89,1.09
usb cable,2025-06-05 17:06:27.128080,12,3.28,4,0.217,0.37,1.1
wireless headphones,2025-06-05 17:06:27.128080,17,3.47,1,0.187,0.37,1.1
bluetooth speaker,2025-06-05 17:06:27.128080,9,2.07,8,0.166,0.64,1.1
external drive,2025-06-05 17:06:27.128080,11,0.84,2,0.237,0.57,1.1
laptop bag,2025-06-05 17:06:27.128080,15,0.77,7,0.15,0.88,1.1
gaming mouse,2025-06-05 17:06:27.128080,20,0.96,3,0.184,0.32,1.1
screen protector,2025-06-05 17:06:27.128080,18,1.9,2,0.135,0.93,1.1
tablet stand,2025-06-05 17:06:27.128080,20,0.91,4,0.2,0.74,1.1
fitness tracker,2025-06-05 17:06:27.128080,18,1.17,3,0.105,0.34,1.1
charging cable,2025-06-05 17:06:27.128080,23,1.98,3,0.147,0.9,1.1
phone mount,2025-06-05 17:06:27.128080,14,1.7,6,0.098,0.77,1.1
car charger,2025-06-05 17:06:27.128080,24,2.85,9,0.082,0.75,1.1
power bank,2025-06-05 17:06:27.128080,23,1.09,8,0.116,0.72,1.1
keyboard,2025-06-05 17:06:27.128080,19,1.6,8,0.254,0.46,1.1
smart watch,2025-06-05 17:06:27.128080,11,1.13,9,0.174,0.56,1.1
phone case,2025-06-05 17:06:27.128080,10,0.57,5,0.033,0.86,1.1
usb cable,2025-06-06 17:06:27.128080,11,3.19,9,0.339,0.53,1.1
wireless headphones,2025-06-06 17:06:27.128080,9,1.01,2,0.171,0.45,1.1
bluetooth speaker,2025-06-06 17:06:27.128080,13,1.82,7,0.125,0.35,1.1
external drive,2025-06-06 17:06:27.128080,10,1.63,10,0.067,0.44,1.1
laptop bag,2025-06-06 17:06:27.128080,10,0.64,3,0.398,0.66,1.1
gaming mouse,2025-06-06 17:06:27.128080,10,4.26,3,0.045,0.53,1.1
screen protector,2025-06-06 17:06:27.128080,21,0.97,4,0.113,0.3,1.1
tablet stand,2025-06-06 17:06:27.128080,11,4.29,9,0.157,0.66,1.1
fitness tracker,2025-06-06 17:06:27.128080,7,4.17,4,0.041,0.33,1.1
charging cable,2025-06-06 17:06:27.128080,21,1.51,6,0.122,0.98,1.1
phone mount,2025-06-06 17:06:27.128080,10,2.08,3,0.129,0.64,1.1
car charger,2025-06-06 17:06:27.128080,11,1.05,6,0.298,0.49,1.1
power bank,2025-06-06 17:06:27.128080,24,1.41,1,0.094,0.94,1.1
keyboard,2025-06-06 17:06:27.128080,17,2.18,3,0.261,0.88,1.1
smart watch,2025-06-06 17:06:27.128080,20,2.53,1,0.272,0.43,1.1
phone case,2025-06-06 17:06:27.128080,23,1.36,5,0.502,0.72,1.1
usb cable,2025-06-07 17:06:27.128080,6,0.67,2,0.265,0.93,1.11
wireless headphones,2025-06-07 17:06:27.128080,13,1.05,5,0.276,0.5,1.11
bluetooth speaker,2025-06-07 17:06:27.128080,7,0.97,3,0.298,0.59,1.11
external drive,2025-06-07 17:06:27.128080,14,3.99,6,0.22,0.96,1.11
laptop bag,2025-06-07 17:06:27.128080,10,1.12,3,0.267,0.44,1.11
gaming mouse,2025-06-07 17:06:27.128080,23,1.37,3,0.033,0.65,1.11
screen protector,2025-06-07 17:06:27.128080,13,2.49,6,0.134,0.4,1.11
tablet stand,2025-06-07 17:06:27.128080,17,1.43,8,0.497,0.6,1.11
fitness tracker,2025-06-07 17:06:27.128080,5,2.91,9,0.083,0.89,1.11
charging cable,2025-06-07 17:06:27.128080,25,2.88,10,0.183,0.76,1.11
phone mount,2025-06-07 17:06:27.128080,12,0.43,10,0.108,0.94,1.11
car charger,2025-06-07 17:06:27.128080,12,0.77,6,0.211,0.56,1.11
power bank,2025-06-07 17:06:27.128080,6,3.36,5,0.043,0.98,1.11
keyboard,2025-06-07 17:06:27.128080,18,5.12,3,0.495,0.5,1.11
smart watch,2025-06-07 17:06:27.128080,24,1.31,4,0.229,0.31,1.11
phone case,2025-06-07 17:06:27.128080,11,2.13,8,0.252,0.93,1.11
usb cable,2025-06-08 17:06:27.128080,13,0.26,2,0.43,0.72,1.12
wireless headphones,2025-06-08 17:06:27.128080,16,0.12,4,0.076,0.31,1.12
bluetooth speaker,2025-06-08 17:06:27.128080,15,0.98,9,0.382,0.59,1.12
external drive,2025-06-08 17:06:27.128080,12,1.22,4,0.441,0.94,1.12
laptop bag,2025-06-08 17:06:27.128080,21,2.28,8,0.412,0.93,1.12
gaming mouse,2025-06-08 17:06:27.128080,21,0.92,10,0.243,0.5,1.12
screen protector,2025-06-08 17:06:27.128080,16,1.09,10,0.151,0.98,1.12
tablet stand,2025-06-08 17:06:27.128080,7,1.61,10,0.075,0.91,1.12
fitness tracker,2025-06-08 17:06:27.128080,5,1.05,6,0.501,0.83,1.12
charging cable,2025-06-08 17:06:27.128080,12,0.71,1,0.181,0.43,1.12
phone mount,2025-06-08 17:06:27.128080,23,1.57,5,0.028,0.84,1.12
car charger,2025-06-08 17:06:27.128080,15,3.65,9,0.553,0.44,1.12
power bank,2025-06-08 17:06:27.128080,20,0.93,6,0.092,0.51,1.12
keyboard,2025-06-08 17:06:27.128080,23,0.7,6,0.048,0.6,1.12
smart watch,2025-06-08 17:06:27.128080,6,1.03,9,0.039,0.46,1.12
phone case,2025-06-08 17:06:27.128080,10,0.83,6,0.091,0.47,1.12
usb cable,2025-06-09 17:06:27.128080,20,1.98,3,0.273,0.96,1.12
wireless headphones,2025-06-09 17:06:27.128080,12,0.12,3,0.111,0.55,1.12
bluetooth speaker,2025-06-09 17:06:27.128080,11,2.15,1,0.233,0.55,1.12
external drive,2025-06-09 17:06:27.128080,5,1.98,8,0.123,0.99,1.12
laptop bag,2025-06-09 17:06:27.128080,5,1.01,9,0.294,0.84,1.12
gaming mouse,2025-06-09 17:06:27.128080,18,1.37,2,0.044,0.79,1.12
screen protector,2025-06-09 17:06:27.128080,22,1.48,7,0.088,0.67,1.12
tablet stand,2025-06-09 17:06:27.128080,24,0.87,5,0.396,0.48,1.12
fitness tracker,2025-06-09 17:06:27.128080,21,0.34,5,0.214,0.41,1.12
charging cable,2025-06-09 17:06:27.128080,17,4.21,8,0.111,0.72,1.12
phone mount,2025-06-09 17:06:27.128080,14,0.42,8,0.135,0.78,1.12
car charger,2025-06-09 17:06:27.128080,25,5.96,6,0.46,0.6,1.12
power bank,2025-06-09 17:06:27.128080,10,2.46,10,0.178,0.9,1.12
keyboard,2025-06-09 17:06:27.128080,8,3.28,5,0.182,0.5,1.12
smart watch,2025-06-09 17:06:27.128080,22,0.58,4,0.185,0.87,1.12
phone case,2025-06-09 17:06:27.128080,16,1.3,7,0.153,0.39,1.12
usb cable,2025-06-10 17:06:27.128080,16,1.19,1,0.138,0.62,1.13
wireless headphones,2025-06-10 17:06:27.128080,22,0.79,7,0.137,0.7,1.13
bluetooth speaker,2025-06-10 17:06:27.128080,23,2.33,3,0.142,0.73,1.13
external drive,2025-06-10 17:06:27.128080,9,0.27,8,0.21,0.41,1.13
laptop bag,2025-06-10 17:06:27.128080,5,1.23,3,0.285,0.45,1.13
gaming mouse,2025-06-10 17:06:27.128080,15,0.93,3,0.13,0.54,1.13
screen protector,2025-06-10 17:06:27.128080,16,1.26,5,0.23,0.6,1.13
tablet stand,2025-06-10 17:06:27.128080,25,0.33,2,0.103,0.57,1.13
fitness tracker,2025-06-10 17:06:27.128080,8,1.23,1,0.157,0.49,1.13
charging cable,2025-06-10 17:06:27.128080,16,4.84,6,0.304,0.96,1.13
phone mount,2025-06-10 17:06:27.128080,18,1.52,3,0.099,0.8,1.13
car charger,2025-06-10 17:06:27.128080,25,1.37,5,0.172,0.91,1.13
power bank,2025-06-10 17:06:27.128080,7,0.45,3,0.181,0.72,1.13
keyboard,2025-06-10 17:06:27.128080,18,1.42,7,0.196,0.91,1.13
smart watch,2025-06-10 17:06:27.128080,19,0.39,7,0.193,0.48,1.13
phone case,2025-06-10 17:06:27.128080,25,0.97,9,0.275,0.46,1.13
usb cable,2025-06-11 17:06:27.128080,5,2.46,10,0.256,0.9,1.14
wireless headphones,2025-06-11 17:06:27.128080,13,2.68,1,0.249,0.55,1.14
bluetooth speaker,2025-06-11 17:06:27.128080,15,1.37,10,0.245,0.43,1.14
external drive,2025-06-11 17:06:27.128080,17,0.73,5,0.119,0.6,1.14
laptop bag,2025-06-11 17:06:27.128080,20,0.89,1,0.347,0.97,1.14
gaming mouse,2025-06-11 17:06:27.128080,12,1.5,4,0.257,0.37,1.14
screen protector,2025-06-11 17:06:27.128080,18,0.36,5,0.136,0.65,1.14
tablet stand,2025-06-11 17:06:27.128080,10,2.21,5,0.013,0.93,1.14
fitness tracker,2025-06-11 17:06:27.128080,15,1.06,4,0.501,0.42,1.14
charging cable,2025-06-11 17:06:27.128080,9,2.64,1,0.295,0.33,1.14
phone mount,2025-06-11 17:06:27.128080,18,1.83,6,0.204,0.42,1.14
car charger,2025-06-11 17:06:27.128080,13,2.36,4,0.436,0.93,1.14
power bank,2025-06-11 17:06:27.128080,9,2.62,7,0.077,0.94,1.14
keyboard,2025-06-11 17:06:27.128080,25,2.28,2,0.085,0.99,1.14
smart watch,2025-06-11 17:06:27.128080,14,3.84,4,0.303,0.7,1.14
phone case,2025-06-11 17:06:27.128080,14,2.13,1,0.258,0.59,1.14
usb cable,2025-06-12 17:06:27.128080,11,1.61,8,0.082,0.96,1.14
wireless headphones,2025-06-12 17:06:27.128080,7,0.63,6,0.198,0.43,1.14
bluetooth speaker,2025-06-12 17:06:27.128080,9,1.6,5,0.07,0.91,1.14
external drive,2025-06-12 17:06:27.128080,11,0.59,2,0.263,0.75,1.14
laptop bag,2025-06-12 17:06:27.128080,6,0.24,10,0.167,0.34,1.14
gaming mouse,2025-06-12 17:06:27.128080,7,4.39,6,0.191,0.69,1.14
screen protector,2025-06-12 17:06:27.128080,18,1.05,9,0.365,0.5,1.14
tablet stand,2025-06-12 17:06:27.128080,12,3.52,1,0.281,0.51,1.14
fitness tracker,2025-06-12 17:06:27.128080,24,1.89,6,0.232,0.86,1.14
charging cable,2025-06-12 17:06:27.128080,12,1.74,2,0.037,0.57,1.14
phone mount,2025-06-12 17:06:27.128080,10,1.09,3,0.237,0.33,1.14
car charger,2025-06-12 17:06:27.128080,16,0.59,3,0.011,0.63,1.14
power bank,2025-06-12 17:06:27.128080,17,0.23,5,0.086,0.32,1.14
keyboard,2025-06-12 17:06:27.128080,23,0.87,8,0.093,0.45,1.14
smart watch,2025-06-12 17:06:27.128080,14,0.41,8,0.248,0.69,1.14
phone case,2025-06-12 17:06:27.128080,22,3.33,8,0.067,0.54,1.14
usb cable,2025-06-13 17:06:27.128080,6,3.14,7,0.151,0.95,1.15
wireless headphones,2025-06-13 17:06:27.128080,19,0.87,7,0.046,0.66,1.15
bluetooth speaker,2025-06-13 17:06:27.128080,14,0.53,5,0.239,0.95,1.15
external drive,2025-06-13 17:06:27.128080,10,1.55,9,0.108,0.61,1.15
laptop bag,2025-06-13 17:06:27.128080,18,1.84,4,0.052,0.68,1.15
gaming mouse,2025-06-13 17:06:27.128080,6,2.18,8,0.185,0.47,1.15
screen protector,2025-06-13 17:06:27.128080,5,1.23,8,0.504,0.99,1.15
tablet stand,2025-06-13 17:06:27.128080,21,1.15,2,0.377,0.83,1.15
fitness tracker,2025-06-13 17:06:27.128080,6,3.11,2,0.079,0.93,1.15
charging cable,2025-06-13 17:06:27.128080,6,1.26,2,0.206,0.74,1.15
phone mount,2025-06-13 17:06:27.128080,9,1.21,5,0.138,0.48,1.15
car charger,2025-06-13 17:06:27.128080,14,0.58,9,0.134,0.34,1.15
power bank,2025-06-13 17:06:27.128080,5,2.4,6,0.196,0.91,1.15
keyboard,2025-06-13 17:06:27.128080,17,0.58,10,0.329,0.46,1.15
smart watch,2025-06-13 17:06:27.128080,25,2.35,5,0.056,0.54,1.15
phone case,2025-06-13 17:06:27.128080,9,0.22,2,0.12,0.87,1.15
usb cable,2025-06-14 17:06:27.128080,8,1.15,9,0.243,0.88,1.15
wireless headphones,2025-06-14 17:06:27.128080,20,1.68,5,0.222,0.92,1.15
bluetooth speaker,2025-06-14 17:06:27.128080,23,0.52,1,0.18,0.85,1.15
external drive,2025-06-14 17:06:27.128080,5,1.48,5,0.066,0.68,1.15
laptop bag,2025-06-14 17:06:27.128080,13,2.19,10,0.089,0.91,1.15
gaming mouse,2025-06-14 17:06:27.128080,7,1.52,1,0.158,0.62,1.15
screen protector,2025-06-14 17:06:27.128080,6,1.74,8,0.38,0.71,1.15
tablet stand,2025-06-14 17:06:27.128080,10,1.82,4,0.197,0.88,1.15
fitness tracker,2025-06-14 17:06:27.128080,7,0.22,5,0.061,0.45,1.15
charging cable,2025-06-14 17:06:27.128080,23,1.69,3,0.149,0.39,1.15
phone mount,2025-06-14 17:06:27.128080,5,0.45,5,0.052,0.56,1.15
car charger,2025-06-14 17:06:27.128080,23,3.18,10,0.251,0.93,1.15
power bank,2025-06-14 17:06:27.128080,11,1.29,1,0.492,0.63,1.15
keyboard,2025-06-14 17:06:27.128080,18,0.83,5,0.108,0.74,1.15
smart watch,2025-06-14 17:06:27.128080,6,1.55,5,0.132,0.46,1.15
phone case,2025-06-14 17:06:27.128080,7,1.16,3,0.095,1.0,1.15
usb cable,2025-06-15 17:06:27.128080,7,0.59,1,0.13,0.98,1.16
wireless headphones,2025-06-15 17:06:27.128080,19,1.12,1,0.17,0.84,1.16
bluetooth speaker,2025-06-15 17:06:27.128080,13,1.68,4,0.027,0.42,1.16
external drive,2025-06-15 17:06:27.128080,7,0.91,1,0.196,0.68,1.16
laptop bag,2025-06-15 17:06:27.128080,16,4.49,6,0.193,0.63,1.16
gaming mouse,2025-06-15 17:06:27.128080,5,3.38,4,0.122,0.98,1.16
screen protector,2025-06-15 17:06:27.128080,7,2.76,6,0.362,0.74,1.16
tablet stand,2025-06-15 17:06:27.128080,21,1.36,9,0.083,0.37,1.16
fitness tracker,2025-06-15 17:06:27.128080,19,1.17,9,0.112,0.49,1.16
charging cable,2025-06-15 17:06:27.128080,15,2.02,1,0.214,0.93,1.16
phone mount,2025-06-15 17:06:27.128080,17,0.48,7,0.22,0.53,1.16
car charger,2025-06-15 17:06:27.128080,5,0.92,7,0.102,0.47,1.16
power bank,2025-06-15 17:06:27.128080,19,3.95,6,0.376,0.69,1.16
keyboard,2025-06-15 17:06:27.128080,25,2.24,2,0.194,0.96,1.16
smart watch,2025-06-15 17:06:27.128080,13,0.71,2,0.122,0.77,1.16
phone case,2025-06-15 17:06:27.128080,13,1.84,9,0.052,0.65,1.16
usb cable,2025-06-16 17:06:27.128080,12,1.08,6,0.15,0.79,1.17
wireless headphones,2025-06-16 17:06:27.128080,7,1.19,6,0.395,0.98,1.17
bluetooth speaker,2025-06-16 17:06:27.128080,17,3.43,1,0.069,0.54,1.17
external drive,2025-06-16 17:06:27.128080,23,1.63,6,0.129,0.54,1.17
laptop bag,2025-06-16 17:06:27.128080,8,3.05,5,0.194,0.91,1.17
gaming mouse,2025-06-16 17:06:27.128080,9,0.22,8,0.177,0.57,1.17
screen protector,2025-06-16 17:06:27.128080,20,1.05,1,0.195,0.37,1.17
tablet stand,2025-06-16 17:06:27.128080,9,0.45,2,0.132,0.89,1.17
fitness tracker,2025-06-16 17:06:27.128080,15,4.18,4,0.289,0.95,1.17
charging cable,2025-06-16 17:06:27.128080,22,0.44,7,0.126,0.65,1.17
phone mount,2025-06-16 17:06:27.128080,8,1.75,2,0.045,0.44,1.17
car charger,2025-06-16 17:06:27.128080,15,1.7,2,0.312,0.63,1.17
power bank,2025-06-16 17:06:27.128080,8,0.51,2,0.163,0.31,1.17
keyboard,2025-06-16 17:06:27.128080,18,1.1,3,0.19,0.84,1.17
smart watch,2025-06-16 17:06:27.128080,20,1.45,2,0.111,1.0,1.17
phone case,2025-06-16 17:06:27.128080,13,1.13,4,0.073,0.92,1.17
usb cable,2025-06-17 17:06:27.128080,16,0.56,10,0.132,0.93,1.17
wireless headphones,2025-06-17 17:06:27.128080,11,1.88,5,0.124,0.73,1.17
bluetooth speaker,2025-06-17 17:06:27.128080,8,0.7,1,0.664,0.9,1.17
external drive,2025-06-17 17:06:27.128080,17,2.41,2,0.132,0.5,1.17
laptop bag,2025-06-17 17:06:27.128080,25,0.63,7,0.084,0.62,1.17
gaming mouse,2025-06-17 17:06:27.128080,15,1.33,1,0.074,0.92,1.17
screen protector,2025-06-17 17:06:27.128080,25,0.56,5,0.082,0.94,1.17
tablet stand,2025-06-17 17:06:27.128080,20,1.5,3,0.194,0.76,1.17
fitness tracker,2025-06-17 17:06:27.128080,15,0.96,6,0.118,0.41,1.17
charging cable,2025-06-17 17:06:27.128080,11,1.81,2,0.18,0.7,1.17
phone mount,2025-06-17 17:06:27.128080,6,1.89,8,0.082,0.33,1.17
car charger,2025-06-17 17:06:27.128080,11,0.82,8,0.165,0.57,1.17
power bank,2025-06-17 17:06:27.128080,7,2.41,3,0.179,0.78,1.17
keyboard,2025-06-17 17:06:27.128080,9,0.68,1,0.254,1.0,1.17
smart watch,2025-06-17 17:06:27.128080,19,1.34,3,0.433,0.31,1.17
phone case,2025-06-17 17:06:27.128080,15,0.2,1,0.12,0.44,1.17
usb cable,2025-06-18 17:06:27.128080,22,2.43,5,0.229,0.38,1.18
wireless headphones,2025-06-18 17:06:27.128080,15,1.12,3,0.286,0.94,1.18
bluetooth speaker,2025-06-18 17:06:27.128080,14,1.96,1,0.175,0.79,1.18
external drive,2025-06-18 17:06:27.128080,22,0.97,9,0.302,0.75,1.18
laptop bag,2025-06-18 17:06:27.128080,18,0.46,1,0.091,0.76,1.18
gaming mouse,2025-06-18 17:06:27.128080,24,2.65,7,0.168,0.84,1.18
screen protector,2025-06-18 17:06:27.128080,23,1.04,3,0.226,0.69,1.18
tablet stand,2025-06-18 17:06:27.128080,15,0.95,4,0.256,0.8,1.18
fitness tracker,2025-06-18 17:06:27.128080,12,0.69,7,0.383,0.76,1.18
charging cable,2025-06-18 17:06:27.128080,6,1.14,2,0.236,0.69,1.18
phone mount,2025-06-18 17:06:27.128080,5,3.07,10,0.063,0.62,1.18
car charger,2025-06-18 17:06:27.128080,25,1.25,10,0.205,0.53,1.18
power bank,2025-06-18 17:06:27.128080,23,1.05,4,0.28,0.54,1.18
keyboard,2025-06-18 17:06:27.128080,7,0.83,10,0.168,0.51,1.18
smart watch,2025-06-18 17:06:27.128080,8,1.97,5,0.239,0.93,1.18
phone case,2025-06-18 17:06:27.128080,6,2.18,1,0.336,0.31,1.18
usb cable,2025-06-19 17:06:27.128080,24,0.9,10,0.199,0.33,1.19
wireless headphones,2025-06-19 17:06:27.128080,21,1.04,2,0.29,0.5,1.19
bluetooth speaker,2025-06-19 17:06:27.128080,10,1.56,10,0.283,0.52,1.19
external drive,2025-06-19 17:06:27.128080,19,1.56,2,0.257,1.0,1.19
laptop bag,2025-06-19 17:06:27.128080,23,3.2,3,0.235,0.62,1.19
gaming mouse,2025-06-19 17:06:27.128080,25,1.29,3,0.165,0.62,1.19
screen protector,2025-06-19 17:06:27.128080,21,1.77,9,0.064,0.79,1.19
tablet stand,2025-06-19 17:06:27.128080,19,1.21,5,0.028,0.59,1.19
fitness tracker,2025-06-19 17:06:27.128080,7,2.01,6,0.208,0.81,1.19
charging cable,2025-06-19 17:06:27.128080,23,3.72,5,0.064,0.72,1.19
phone mount,2025-06-19 17:06:27.128080,24,2.43,3,0.14,0.88,1.19
car charger,2025-06-19 17:06:27.128080,16,1.21,5,0.23,0.63,1.19
power bank,2025-06-19 17:06:27.128080,25,1.25,4,0.536,0.51,1.19
keyboard,2025-06-19 17:06:27.128080,14,1.77,6,0.213,0.83,1.19
smart watch,2025-06-19 17:06:27.128080,6,1.28,3,0.462,0.83,1.19
phone case,2025-06-19 17:06:27.128080,17,0.7,7,0.123,0.39,1.19
usb cable,2025-06-20 17:06:27.128080,13,1.74,3,0.235,0.63,1.19
wireless headphones,2025-06-20 17:06:27.128080,20,1.55,4,0.243,0.73,1.19
bluetooth speaker,2025-06-20 17:06:27.128080,22,2.58,7,0.029,0.89,1.19
external drive,2025-06-20 17:06:27.128080,25,3.47,10,0.31,0.97,1.19
laptop bag,2025-06-20 17:06:27.128080,17,1.47,7,0.217,0.58,1.19
gaming mouse,2025-06-20 17:06:27.128080,13,0.78,9,0.125,0.88,1.19
screen protector,2025-06-20 17:06:27.128080,7,1.08,2,0.03,0.98,1.19
tablet stand,2025-06-20 17:06:27.128080,6,0.25,6,0.017,0.98,1.19
fitness tracker,2025-06-20 17:06:27.128080,7,2.12,3,0.034,0.61,1.19
charging cable,2025-06-20 17:06:27.128080,23,2.71,3,0.154,0.98,1.19
phone mount,2025-06-20 17:06:27.128080,19,0.64,3,0.227,0.47,1.19
car charger,2025-06-20 17:06:27.128080,13,1.7,4,0.563,0.59,1.19
power bank,2025-06-20 17:06:27.128080,5,0.62,7,0.512,0.33,1.19
keyboard,2025-06-20 17:06:27.128080,20,1.65,8,0.152,0.34,1.19
smart watch,2025-06-20 17:06:27.128080,20,0.55,10,0.317,0.34,1.19
phone case,2025-06-20 17:06:27.128080,21,1.79,4,0.131,0.35,1.19
usb cable,2025-06-21 17:06:27.128080,17,2.59,8,0.145,0.96,1.2
wireless headphones,2025-06-21 17:06:27.128080,19,3.67,9,0.175,0.32,1.2
bluetooth speaker,2025-06-21 17:06:27.128080,7,0.55,1,0.101,0.63,1.2
external drive,2025-06-21 17:06:27.128080,20,1.13,1,0.158,0.59,1.2
laptop bag,2025-06-21 17:06:27.128080,21,0.17,3,0.133,0.49,1.2
gaming mouse,2025-06-21 17:06:27.128080,13,2.08,1,0.097,0.43,1.2
screen protector,2025-06-21 17:06:27.128080,21,0.33,10,0.185,0.97,1.2
tablet stand,2025-06-21 17:06:27.128080,12,0.14,6,0.117,0.48,1.2
fitness tracker,2025-06-21 17:06:27.128080,7,1.9,4,0.068,0.79,1.2
charging cable,2025-06-21 17:06:27.128080,11,0.72,2,0.287,0.77,1.2
phone mount,2025-06-21 17:06:27.128080,16,1.64,8,0.085,0.54,1.2
car charger,2025-06-21 17:06:27.128080,23,0.89,3,0.101,0.61,1.2
power bank,2025-06-21 17:06:27.128080,6,2.55,9,0.035,0.87,1.2
keyboard,2025-06-21 17:06:27.128080,10,1.03,4,0.075,0.9,1.2
smart watch,2025-06-21 17:06:27.128080,18,3.18,7,0.137,0.67,1.2
phone case,2025-06-21 17:06:27.128080,7,0.93,7,0.181,0.64,1.2
usb cable,2025-06-22 17:06:27.128080,25,0.21,3,0.072,0.57,1.2
wireless headphones,2025-06-22 17:06:27.128080,5,1.86,2,0.438,0.49,1.2
bluetooth speaker,2025-06-22 17:06:27.128080,19,1.19,3,0.124,0.48,1.2
external drive,2025-06-22 17:06:27.128080,23,1.02,6,0.162,0.37,1.2
laptop bag,2025-06-22 17:06:27.128080,8,0.72,3,0.241,0.43,1.2
gaming mouse,2025-06-22 17:06:27.128080,17,0.99,7,0.135,0.95,1.2
screen protector,2025-06-22 17:06:27.128080,6,0.45,9,0.051,0.57,1.2
tablet stand,2025-06-22 17:06:27.128080,18,1.24,10,0.033,0.73,1.2
fitness tracker,2025-06-22 17:06:27.128080,18,0.84,2,0.125,0.67,1.2
charging cable,2025-06-22 17:06:27.128080,7,1.1,1,0.295,0.83,1.2
phone mount,2025-06-22 17:06:27.128080,22,0.25,5,0.141,0.71,1.2
car charger,2025-06-22 17:06:27.128080,5,1.67,4,0.278,0.97,1.2
power bank,2025-06-22 17:06:27.128080,24,0.66,1,0.197,0.61,1.2
keyboard,2025-06-22 17:06:27.128080,23,0.69,3,0.268,0.48,1.2
smart watch,2025-06-22 17:06:27.128080,25,0.34,8,0.127,0.36,1.2
phone case,2025-06-22 17:06:27.128080,17,0.33,8,0.274,0.69,1.2
usb cable,2025-06-23 17:06:27.128080,11,2.41,7,0.382,0.38,1.21
wireless headphones,2025-06-23 17:06:27.128080,5,0.47,9,0.203,0.88,1.21
bluetooth speaker,2025-06-23 17:06:27.128080,18,2.44,4,0.365,0.63,1.21
external drive,2025-06-23 17:06:27.128080,11,4.43,4,0.038,0.87,1.21
laptop bag,2025-06-23 17:06:27.128080,23,3.25,10,0.087,0.69,1.21
gaming mouse,2025-06-23 17:06:27.128080,25,1.68,6,0.207,0.85,1.21
screen protector,2025-06-23 17:06:27.128080,6,0.56,7,0.424,0.84,1.21
tablet stand,2025-06-23 17:06:27.128080,17,3.21,7,0.076,0.78,1.21
fitness tracker,2025-06-23 17:06:27.128080,25,2.17,8,0.328,0.39,1.21
charging cable,2025-06-23 17:06:27.128080,18,0.67,1,0.157,0.88,1.21
phone mount,2025-06-23 17:06:27.128080,15,2.26,6,0.183,0.69,1.21
car charger,2025-06-23 17:06:27.128080,5,0.63,9,0.061,0.55,1.21
power bank,2025-06-23 17:06:27.128080,25,0.95,1,0.082,0.81,1.21
keyboard,2025-06-23 17:06:27.128080,25,1.09,1,0.624,0.32,1.21
smart watch,2025-06-23 17:06:27.128080,15,0.81,1,0.277,0.45,1.21
phone case,2025-06-23 17:06:27.128080,24,2.16,1,0.17,0.99,1.21
usb cable,2025-06-24 17:06:27.128080,22,3.28,4,0.308,0.41,1.22
wireless headphones,2025-06-24 17:06:27.128080,6,0.48,7,0.13,0.82,1.22
bluetooth speaker,2025-06-24 17:06:27.128080,25,0.33,10,0.194,0.98,1.22
external drive,2025-06-24 17:06:27.128080,10,1.52,6,0.213,0.46,1.22
laptop bag,2025-06-24 17:06:27.128080,6,0.93,10,0.198,0.53,1.22
gaming mouse,2025-06-24 17:06:27.128080,21,1.53,1,0.148,0.53,1.22
screen protector,2025-06-24 17:06:27.128080,16,0.5,6,0.137,0.42,1.22
tablet stand,2025-06-24 17:06:27.128080,18,0.87,5,0.125,0.46,1.22
fitness tracker,2025-06-24 17:06:27.128080,14,0.63,2,0.155,0.33,1.22
charging cable,2025-06-24 17:06:27.128080,23,0.72,10,0.289,0.45,1.22
phone mount,2025-06-24 17:06:27.128080,14,0.86,2,0.116,0.3,1.22
car charger,2025-06-24 17:06:27.128080,9,0.74,5,0.094,0.72,1.22
power bank,2025-06-24 17:06:27.128080,11,2.44,7,0.103,0.56,1.22
keyboard,2025-06-24 17:06:27.128080,7,0.92,7,0.162,0.93,1.22
smart watch,2025-06-24 17:06:27.128080,6,4.95,6,0.372,0.57,1.22
phone case,2025-06-24 17:06:27.128080,5,1.76,3,0.499,0.63,1.22
usb cable,2025-06-25 17:06:27.128080,24,0.31,10,0.324,0.72,1.22
wireless headphones,2025-06-25 17:06:27.128080,24,1.85,1,0.426,0.84,1.22
bluetooth speaker,2025-06-25 17:06:27.128080,19,2.43,7,0.162,0.37,1.22
external drive,2025-06-25 17:06:27.128080,7,2.19,10,0.098,0.65,1.22
laptop bag,2025-06-25 17:06:27.128080,8,0.91,9,0.175,0.84,1.22
gaming mouse,2025-06-25 17:06:27.128080,8,0.29,5,0.261,0.49,1.22
screen protector,2025-06-25 17:06:27.128080,24,1.29,9,0.2,0.58,1.22
tablet stand,2025-06-25 17:06:27.128080,11,0.79,7,0.507,0.95,1.22
fitness tracker,2025-06-25 17:06:27.128080,20,0.53,9,0.103,0.38,1.22
charging cable,2025-06-25 17:06:27.128080,13,2.87,10,0.092,0.31,1.22
phone mount,2025-06-25 17:06:27.128080,5,1.53,4,0.264,0.54,1.22
car charger,2025-06-25 17:06:27.128080,9,2.28,2,0.065,0.51,1.22
power bank,2025-06-25 17:06:27.128080,19,1.81,8,0.007,0.31,1.22
keyboard,2025-06-25 17:06:27.128080,13,1.29,10,0.148,0.5,1.22
smart watch,2025-06-25 17:06:27.128080,7,0.42,2,0.311,0.66,1.22
phone case,2025-06-25 17:06:27.128080,20,0.27,7,0.115,0.64,1.22
usb cable,2025-06-26 17:06:27.128080,19,0.28,6,0.532,0.53,1.23
wireless headphones,2025-06-26 17:06:27.128080,16,0.94,1,0.253,0.71,1.23
bluetooth speaker,2025-06-26 17:06:27.128080,6,0.51,5,0.043,0.9,1.23
external drive,2025-06-26 17:06:27.128080,11,2.1,8,0.427,0.78,1.23
laptop bag,2025-06-26 17:06:27.128080,15,5.57,4,0.286,0.61,1.23
gaming mouse,2025-06-26 17:06:27.128080,8,1.21,6,0.171,0.77,1.23
screen protector,2025-06-26 17:06:27.128080,19,3.54,6,0.01,0.32,1.23
tablet stand,2025-06-26 17:06:27.128080,25,0.36,3,0.142,0.6,1.23
fitness tracker,2025-06-26 17:06:27.128080,10,1.48,10,0.059,0.99,1.23
charging cable,2025-06-26 17:06:27.128080,15,0.61,1,0.29,0.43,1.23
phone mount,2025-06-26 17:06:27.128080,22,1.02,4,0.066,0.86,1.23
car charger,2025-06-26 17:06:27.128080,22,0.56,7,0.34,0.44,1.23
power bank,2025-06-26 17:06:27.128080,6,1.91,4,0.357,0.67,1.23
keyboard,2025-06-26 17:06:27.128080,23,0.97,1,0.545,0.84,1.23
smart watch,2025-06-26 17:06:27.128080,11,1.37,7,0.354,0.99,1.23
phone case,2025-06-26 17:06:27.128080,20,4.59,5,0.695,0.77,1.23
usb cable,2025-06-27 17:06:27.128080,22,2.53,7,0.141,0.72,1.23
wireless headphones,2025-06-27 17:06:27.128080,19,0.11,6,0.129,0.44,1.23
bluetooth speaker,2025-06-27 17:06:27.128080,17,0.9,8,0.175,0.74,1.23
external drive,2025-06-27 17:06:27.128080,16,1.08,4,0.013,0.51,1.23
laptop bag,2025-06-27 17:06:27.128080,15,1.42,2,0.144,0.84,1.23
gaming mouse,2025-06-27 17:06:27.128080,15,1.45,4,0.155,0.42,1.23
screen protector,2025-06-27 17:06:27.128080,13,3.36,8,0.23,0.43,1.23
tablet stand,2025-06-27 17:06:27.128080,14,1.65,4,0.263,0.35,1.23
fitness tracker,2025-06-27 17:06:27.128080,24,0.41,3,0.14,0.68,1.23
charging cable,2025-06-27 17:06:27.128080,20,2.78,1,0.49,0.56,1.23
phone mount,2025-06-27 17:06:27.128080,21,3.9,2,0.07,0.71,1.23
car charger,2025-06-27 17:06:27.128080,10,2.46,1,0.119,0.93,1.23
power bank,2025-06-27 17:06:27.128080,19,0.15,9,0.116,0.47,1.23
keyboard,2025-06-27 17:06:27.128080,6,2.55,1,0.169,0.49,1.23
smart watch,2025-06-27 17:06:27.128080,11,0.78,8,0.153,0.8,1.23
phone case,2025-06-27 17:06:27.128080,22,0.94,2,0.319,0.34,1.23
usb cable,2025-06-28 17:06:27.128080,5,2.27,2,0.114,0.9,1.24
wireless headphones,2025-06-28 17:06:27.128080,5,0.87,4,0.186,0.45,1.24
bluetooth speaker,2025-06-28 17:06:27.128080,25,4.43,3,0.255,0.47,1.24
external drive,2025-06-28 17:06:27.128080,5,1.73,9,0.095,0.35,1.24
laptop bag,2025-06-28 17:06:27.128080,9,1.2,4,0.276,0.77,1.24
gaming mouse,2025-06-28 17:06:27.128080,13,3.42,2,0.082,0.96,1.24
screen protector,2025-06-28 17:06:27.128080,17,1.07,1,0.165,0.87,1.24
tablet stand,2025-06-28 17:06:27.128080,24,1.32,10,0.351,0.53,1.24
fitness tracker,2025-06-28 17:06:27.128080,5,0.37,10,0.061,0.39,1.24
charging cable,2025-06-28 17:06:27.128080,19,2.73,6,0.399,0.43,1.24
phone mount,2025-06-28 17:06:27.128080,20,1.34,9,0.128,0.73,1.24
car charger,2025-06-28 17:06:27.128080,22,2.9,6,0.154,0.84,1.24
power bank,2025-06-28 17:06:27.128080,8,3.92,7,0.219,0.94,1.24
keyboard,2025-06-28 17:06:27.128080,17,3.63,2,0.146,0.42,1.24
smart watch,2025-06-28 17:06:27.128080,23,1.88,1,0.234,0.49,1.24
phone case,2025-06-28 17:06:27.128080,20,1.06,7,0.167,0.85,1.24
usb cable,2025-06-29 17:06:27.128080,13,0.96,5,0.088,0.65,1.24
wireless headphones,2025-06-29 17:06:27.128080,13,0.65,10,0.215,0.47,1.24
bluetooth speaker,2025-06-29 17:06:27.128080,6,1.83,5,0.245,0.68,1.24
external drive,2025-06-29 17:06:27.128080,12,0.07,10,0.132,0.32,1.24
laptop bag,2025-06-29 17:06:27.128080,14,1.41,7,0.186,0.65,1.24
gaming mouse,2025-06-29 17:06:27.128080,7,3.04,7,0.203,0.33,1.24
screen protector,2025-06-29 17:06:27.128080,25,1.84,3,0.158,0.59,1.24
tablet stand,2025-06-29 17:06:27.128080,9,0.06,3,0.162,0.61,1.24
fitness tracker,2025-06-29 17:06:27.128080,19,2.75,8,0.296,0.65,1.24
charging cable,2025-06-29 17:06:27.128080,9,1.27,7,0.056,0.71,1.24
phone mount,2025-06-29 17:06:27.128080,8,2.7,1,0.074,0.69,1.24
car charger,2025-06-29 17:06:27.128080,15,1.52,5,0.121,0.52,1.24
power bank,2025-06-29 17:06:27.128080,25,2.96,1,0.209,0.65,1.24
keyboard,2025-06-29 17:06:27.128080,10,1.59,7,0.195,0.57,1.24
smart watch,2025-06-29 17:06:27.128080,5,1.59,3,0.377,0.76,1.24
phone case,2025-06-29 17:06:27.128080,21,2.28,5,0.23,0.45,1.24
usb cable,2025-06-30 17:06:27.128080,18,0.11,6,0.332,0.35,1.25
wireless headphones,2025-06-30 17:06:27.128080,15,0.65,10,0.148,0.85,1.25
bluetooth speaker,2025-06-30 17:06:27.128080,9,1.44,2,0.214,0.57,1.25
external drive,2025-06-30 17:06:27.128080,21,1.12,10,0.041,0.3,1.25
laptop bag,2025-06-30 17:06:27.128080,15,3.42,7,0.074,0.79,1.25
gaming mouse,2025-06-30 17:06:27.128080,22,1.27,9,0.384,0.48,1.25
screen protector,2025-06-30 17:06:27.128080,17,5.01,5,0.114,0.93,1.25
tablet stand,2025-06-30 17:06:27.128080,24,0.72,10,0.145,1.0,1.25
fitness tracker,2025-06-30 17:06:27.128080,11,0.72,4,0.216,0.64,1.25
charging cable,2025-06-30 17:06:27.128080,23,1.43,8,0.481,0.58,1.25
phone mount,2025-06-30 17:06:27.128080,13,2.38,6,0.146,0.34,1.25
car charger,2025-06-30 17:06:27.128080,11,1.08,10,0.12,0.74,1.25
power bank,2025-06-30 17:06:27.128080,7,2.49,9,0.206,0.97,1.25
keyboard,2025-06-30 17:06:27.128080,6,0.88,3,0.138,0.59,1.25
smart watch,2025-06-30 17:06:27.128080,12,5.21,9,0.295,0.99,1.25
phone case,2025-06-30 17:06:27.128080,14,1.53,9,0.399,0.97,1.25
usb cable,2025-07-01 17:06:27.128080,19,0.34,7,0.284,0.36,1.25
wireless headphones,2025-07-01 17:06:27.128080,7,2.8,5,0.163,0.38,1.25
bluetooth speaker,2025-07-01 17:06:27.128080,14,1.41,5,0.125,0.6,1.25
external drive,2025-07-01 17:06:27.128080,12,1.67,4,0.149,0.53,1.25
laptop bag,2025-07-01 17:06:27.128080,19,0.25,4,0.114,0.79,1.25
gaming mouse,2025-07-01 17:06:27.128080,17,1.34,1,0.128,0.93,1.25
screen protector,2025-07-01 17:06:27.128080,24,1.48,1,0.367,0.89,1.25
tablet stand,2025-07-01 17:06:27.128080,21,1.31,6,0.413,0.37,1.25
fitness tracker,2025-07-01 17:06:27.128080,19,0.35,6,0.022,0.64,1.25
charging cable,2025-07-01 17:06:27.128080,12,1.0,8,0.166,0.95,1.25
phone mount,2025-07-01 17:06:27.128080,24,1.42,5,0.127,0.36,1.25
car charger,2025-07-01 17:06:27.128080,19,1.53,7,0.221,0.71,1.25
power bank,2025-07-01 17:06:27.128080,11,1.87,2,0.204,0.31,1.25
keyboard,2025-07-01 17:06:27.128080,21,0.67,4,0.207,0.98,1.25
smart watch,2025-07-01 17:06:27.128080,25,0.99,5,0.119,0.92,1.25
phone case,2025-07-01 17:06:27.128080,10,0.03,10,0.496,0.95,1.25
usb cable,2025-07-02 17:06:27.128080,5,1.39,1,0.548,0.66,1.26
wireless headphones,2025-07-02 17:06:27.128080,10,2.83,5,0.183,0.79,1.26
bluetooth speaker,2025-07-02 17:06:27.128080,23,0.74,3,0.283,0.93,1.26
external drive,2025-07-02 17:06:27.128080,25,2.54,8,0.118,0.54,1.26
laptop bag,2025-07-02 17:06:27.128080,22,1.11,6,0.094,0.53,1.26
gaming mouse,2025-07-02 17:06:27.128080,10,0.26,4,0.274,0.48,1.26
screen protector,2025-07-02 17:06:27.128080,14,1.88,7,0.105,0.79,1.26
tablet stand,2025-07-02 17:06:27.128080,7,1.06,6,0.219,0.56,1.26
fitness tracker,2025-07-02 17:06:27.128080,7,0.26,3,0.152,0.99,1.26
charging cable,2025-07-02 17:06:27.128080,8,0.53,7,0.167,0.55,1.26
phone mount,2025-07-02 17:06:27.128080,20,1.55,7,0.147,0.72,1.26
car charger,2025-07-02 17:06:27.128080,5,1.23,9,0.133,0.76,1.26
power bank,2025-07-02 17:06:27.128080,24,0.49,7,0.17,0.32,1.26
keyboard,2025-07-02 17:06:27.128080,6,2.34,2,0.093,0.66,1.26
smart watch,2025-07-02 17:06:27.128080,5,1.43,7,0.171,0.88,1.26
phone case,2025-07-02 17:06:27.128080,18,0.88,6,0.098,0.49,1.26
usb cable,2025-07-03 17:06:27.128080,21,0.52,10,0.06,0.32,1.26
wireless headphones,2025-07-03 17:06:27.128080,19,1.71,9,0.31,0.36,1.26
bluetooth speaker,2025-07-03 17:06:27.128080,10,0.08,5,0.224,0.75,1.26
external drive,2025-07-03 17:06:27.128080,9,1.47,6,0.183,0.9,1.26
laptop bag,2025-07-03 17:06:27.128080,18,1.16,6,0.224,0.83,1.26
gaming mouse,2025-07-03 17:06:27.128080,22,0.79,3,0.156,0.99,1.26
screen protector,2025-07-03 17:06:27.128080,23,0.5,4,0.32,0.47,1.26
tablet stand,2025-07-03 17:06:27.128080,22,4.53,6,0.242,0.43,1.26
fitness tracker,2025-07-03 17:06:27.128080,13,0.21,1,0.106,0.56,1.26
charging cable,2025-07-03 17:06:27.128080,25,0.75,5,0.138,0.45,1.26
phone mount,2025-07-03 17:06:27.128080,14,3.01,6,0.198,0.46,1.26
car charger,2025-07-03 17:06:27.128080,5,2.87,4,0.28,0.55,1.26
power bank,2025-07-03 17:06:27.128080,23,2.09,9,0.054,0.51,1.26
keyboard,2025-07-03 17:06:27.128080,17,5.23,4,0.24,0.91,1.26
smart watch,2025-07-03 17:06:27.128080,21,0.67,4,0.107,0.78,1.26
phone case,2025-07-03 17:06:27.128080,13,0.26,7,0.127,0.35,1.26
usb cable,2025-07-04 17:06:27.128080,17,5.83,10,0.072,0.7,1.27
wireless headphones,2025-07-04 17:06:27.128080,5,0.92,9,0.201,0.3,1.27
bluetooth speaker,2025-07-04 17:06:27.128080,8,1.78,5,0.432,0.83,1.27
external drive,2025-07-04 17:06:27.128080,14,5.52,10,0.383,0.67,1.27
laptop bag,2025-07-04 17:06:27.128080,21,1.54,7,0.092,0.91,1.27
gaming mouse,2025-07-04 17:06:27.128080,6,0.38,3,0.264,0.89,1.27
screen protector,2025-07-04 17:06:27.128080,24,0.51,7,0.025,0.5,1.27
tablet stand,2025-07-04 17:06:27.128080,15,2.39,4,0.022,0.88,1.27
fitness tracker,2025-07-04 17:06:27.128080,10,1.66,9,0.051,0.93,1.27
charging cable,2025-07-04 17:06:27.128080,12,0.78,2,0.054,0.95,1.27
phone mount,2025-07-04 17:06:27.128080,16,1.26,4,0.114,0.43,1.27
car charger,2025-07-04 17:06:27.128080,5,1.37,8,0.183,0.7,1.27
power bank,2025-07-04 17:06:27.128080,5,3.19,8,0.052,0.73,1.27
keyboard,2025-07-04 17:06:27.128080,24,0.99,2,0.28,0.43,1.27
smart watch,2025-07-04 17:06:27.128080,24,1.08,1,0.253,0.38,1.27
phone case,2025-07-04 17:06:27.128080,14,1.94,9,0.413,0.61,1.27
usb cable,2025-07-05 17:06:27.128080,20,0.06,9,0.236,0.57,1.27
wireless headphones,2025-07-05 17:06:27.128080,18,0.53,1,0.161,0.76,1.27
bluetooth speaker,2025-07-05 17:06:27.128080,7,0.66,6,0.02,0.49,1.27
external drive,2025-07-05 17:06:27.128080,6,0.42,9,0.078,0.62,1.27
laptop bag,2025-07-05 17:06:27.128080,25,1.76,4,0.234,0.88,1.27
gaming mouse,2025-07-05 17:06:27.128080,12,1.47,5,0.207,0.81,1.27
screen protector,2025-07-05 17:06:27.128080,15,1.28,2,0.219,0.57,1.27
tablet stand,2025-07-05 17:06:27.128080,10,3.01,10,0.089,0.54,1.27
fitness tracker,2025-07-05 17:06:27.128080,21,0.46,3,0.015,0.98,1.27
charging cable,2025-07-05 17:06:27.128080,24,1.69,5,0.237,0.82,1.27
phone mount,2025-07-05 17:06:27.128080,16,2.85,5,0.3,0.74,1.27
car charger,2025-07-05 17:06:27.128080,7,1.47,9,0.149,0.85,1.27
power bank,2025-07-05 17:06:27.128080,11,2.23,4,0.118,0.41,1.27
keyboard,2025-07-05 17:06:27.128080,20,0.65,9,0.078,0.81,1.27
smart watch,2025-07-05 17:06:27.128080,21,1.76,2,0.031,0.55,1.27
phone case,2025-07-05 17:06:27.128080,14,0.92,8,0.058,0.55,1.27
usb cable,2025-07-06 17:06:27.128080,14,1.11,3,0.233,0.55,1.28
wireless headphones,2025-07-06 17:06:27.128080,16,2.27,1,0.098,0.96,1.28
bluetooth speaker,2025-07-06 17:06:27.128080,19,1.11,5,0.291,0.41,1.28
external drive,2025-07-06 17:06:27.128080,12,2.63,9,0.089,0.82,1.28
laptop bag,2025-07-06 17:06:27.128080,9,3.42,1,0.05,0.84,1.28
gaming mouse,2025-07-06 17:06:27.128080,11,0.43,10,0.461,0.83,1.28
screen protector,2025-07-06 17:06:27.128080,16,0.23,1,0.193,0.85,1.28
tablet stand,2025-07-06 17:06:27.128080,25,0.21,1,0.054,0.62,1.28
fitness tracker,2025-07-06 17:06:27.128080,19,1.97,9,0.423,0.67,1.28
charging cable,2025-07-06 17:06:27.128080,18,2.99,8,0.147,0.53,1.28
phone mount,2025-07-06 17:06:27.128080,19,2.67,6,0.126,0.62,1.28
car charger,2025-07-06 17:06:27.128080,15,1.35,1,0.379,0.34,1.28
power bank,2025-07-06 17:06:27.128080,6,0.77,6,0.228,0.88,1.28
keyboard,2025-07-06 17:06:27.128080,11,2.98,6,0.349,0.86,1.28
smart watch,2025-07-06 17:06:27.128080,20,2.77,7,0.192,0.74,1.28
phone case,2025-07-06 17:06:27.128080,6,2.51,4,0.339,0.96,1.28
usb cable,2025-07-07 17:06:27.128080,17,3.24,8,0.066,0.8,1.28
wireless headphones,2025-07-07 17:06:27.128080,11,4.64,4,0.122,0.9,1.28
bluetooth speaker,2025-07-07 17:06:27.128080,17,1.92,2,0.139,0.78,1.28
external drive,2025-07-07 17:06:27.128080,13,2.52,3,0.121,0.68,1.28
laptop bag,2025-07-07 17:06:27.128080,13,0.56,8,0.156,0.39,1.28
gaming mouse,2025-07-07 17:06:27.128080,13,0.9,2,0.391,0.78,1.28
screen protector,2025-07-07 17:06:27.128080,16,1.12,2,0.095,0.37,1.28
tablet stand,2025-07-07 17:06:27.128080,18,0.64,4,0.306,0.43,1.28
fitness tracker,2025-07-07 17:06:27.128080,9,3.02,10,0.388,0.57,1.28
charging cable,2025-07-07 17:06:27.128080,15,1.98,7,0.078,0.58,1.28
phone mount,2025-07-07 17:06:27.128080,18,1.02,2,0.123,0.37,1.28
car charger,2025-07-07 17:06:27.128080,25,0.64,5,0.022,0.35,1.28
power bank,2025-07-07 17:06:27.128080,21,0.27,3,0.299,0.35,1.28
keyboard,2025-07-07 17:06:27.128080,13,2.47,4,0.108,0.41,1.28
smart watch,2025-07-07 17:06:27.128080,18,0.98,5,0.282,0.38,1.28
phone case,2025-07-07 17:06:27.128080,22,3.57,6,0.081,0.86,1.28
usb cable,2025-07-08 17:06:27.128080,7,2.09,8,0.339,0.96,1.29
wireless headphones,2025-07-08 17:06:27.128080,21,1.82,3,0.306,0.57,1.29
bluetooth speaker,2025-07-08 17:06:27.128080,19,2.15,6,0.084,0.92,1.29
external drive,2025-07-08 17:06:27.128080,20,0.78,8,0.145,0.89,1.29
laptop bag,2025-07-08 17:06:27.128080,11,2.6,1,0.144,0.96,1.29
gaming mouse,2025-07-08 17:06:27.128080,17,2.25,2,0.215,0.84,1.29
screen protector,2025-07-08 17:06:27.128080,13,0.63,7,0.164,0.32,1.29
tablet stand,2025-07-08 17:06:27.128080,5,3.16,2,0.306,0.8,1.29
fitness tracker,2025-07-08 17:06:27.128080,20,0.74,5,0.12,0.83,1.29
charging cable,2025-07-08 17:06:27.128080,7,3.41,10,0.313,0.9,1.29
phone mount,2025-07-08 17:06:27.128080,17,2.34,5,0.096,0.57,1.29
car charger,2025-07-08 17:06:27.128080,5,1.49,1,0.123,0.75,1.29
power bank,2025-07-08 17:06:27.128080,6,2.42,10,0.218,0.58,1.29
keyboard,2025-07-08 17:06:27.128080,9,1.64,6,0.118,0.9,1.29
smart watch,2025-07-08 17:06:27.128080,18,1.01,9,0.311,0.82,1.29
phone case,2025-07-08 17:06:27.128080,11,1.04,6,0.142,0.8,1.29
usb cable,2025-07-09 17:06:27.128080,24,1.58,7,0.284,0.36,1.29
wireless headphones,2025-07-09 17:06:27.128080,9,2.13,8,0.125,0.99,1.29
bluetooth speaker,2025-07-09 17:06:27.128080,21,1.53,4,0.52,0.4,1.29
external drive,2025-07-09 17:06:27.128080,25,1.57,9,0.103,0.39,1.29
laptop bag,2025-07-09 17:06:27.128080,20,0.35,8,0.183,0.84,1.29
gaming mouse,2025-07-09 17:06:27.128080,20,2.39,7,0.308,0.51,1.29
screen protector,2025-07-09 17:06:27.128080,15,1.64,5,0.195,0.76,1.29
tablet stand,2025-07-09 17:06:27.128080,5,0.54,3,0.141,0.61,1.29
fitness tracker,2025-07-09 17:06:27.128080,12,0.99,5,0.112,0.34,1.29
charging cable,2025-07-09 17:06:27.128080,20,2.76,2,0.031,0.43,1.29
phone mount,2025-07-09 17:06:27.128080,14,0.57,6,0.137,0.65,1.29
car charger,2025-07-09 17:06:27.128080,8,0.37,4,0.39,0.57,1.29
power bank,2025-07-09 17:06:27.128080,19,0.14,5,0.134,0.88,1.29
keyboard,2025-07-09 17:06:27.128080,5,2.3,3,0.342,0.43,1.29
smart watch,2025-07-09 17:06:27.128080,22,1.39,3,0.44,0.55,1.29
phone case,2025-07-09 17:06:27.128080,18,3.83,6,0.219,0.87,1.29
usb cable,2025-07-10 17:06:27.128080,25,3.48,7,0.204,0.42,1.3
wireless headphones,2025-07-10 17:06:27.128080,15,0.84,3,0.07,0.41,1.3
bluetooth speaker,2025-07-10 17:06:27.128080,23,1.58,4,0.292,0.81,1.3
external drive,2025-07-10 17:06:27.128080,17,1.68,8,0.246,0.95,1.3
laptop bag,2025-07-10 17:06:27.128080,16,1.38,7,0.43,0.79,1.3
gaming mouse,2025-07-10 17:06:27.128080,10,1.16,8,0.06,0.54,1.3
screen protector,2025-07-10 17:06:27.128080,16,1.79,5,0.228,0.43,1.3
tablet stand,2025-07-10 17:06:27.128080,15,1.34,5,0.231,0.82,1.3
fitness tracker,2025-07-10 17:06:27.128080,5,1.26,4,0.118,0.8,1.3
charging cable,2025-07-10 17:06:27.128080,14,1.12,10,0.279,0.48,1.3
phone mount,2025-07-10 17:06:27.128080,25,3.41,9,0.089,0.81,1.3
car charger,2025-07-10 17:06:27.128080,23,0.76,4,0.193,0.55,1.3
power bank,2025-07-10 17:06:27.128080,24,0.37,8,0.548,0.55,1.3
keyboard,2025-07-10 17:06:27.128080,16,1.41,10,0.082,0.91,1.3
smart watch,2025-07-10 17:06:27.128080,16,0.98,6,0.167,0.84,1.3
phone case,2025-07-10 17:06:27.128080,12,2.02,7,0.052,0.95,1.3
usb cable,2025-07-11 17:06:27.128080,14,0.94,3,0.246,0.99,1.3
wireless headphones,2025-07-11 17:06:27.128080,10,2.72,1,0.475,0.64,1.3
bluetooth speaker,2025-07-11 17:06:27.128080,23,1.37,5,0.407,0.37,1.3
external drive,2025-07-11 17:06:27.128080,19,1.02,1,0.09,0.36,1.3
laptop bag,2025-07-11 17:06:27.128080,15,3.34,5,0.019,0.51,1.3
gaming mouse,2025-07-11 17:06:27.128080,13,1.9,8,0.055,0.98,1.3
screen protector,2025-07-11 17:06:27.128080,17,1.23,6,0.18,0.43,1.3
tablet stand,2025-07-11 17:06:27.128080,21,0.89,4,0.267,0.99,1.3
fitness tracker,2025-07-11 17:06:27.128080,24,0.6,1,0.038,0.92,1.3
charging cable,2025-07-11 17:06:27.128080,7,4.12,9,0.049,0.89,1.3
phone mount,2025-07-11 17:06:27.128080,25,0.75,8,0.067,0.73,1.3
car charger,2025-07-11 17:06:27.128080,17,2.36,10,0.077,0.42,1.3
power bank,2025-07-11 17:06:27.128080,10,1.11,8,0.113,0.78,1.3
keyboard,2025-07-11 17:06:27.128080,6,1.61,5,0.678,0.42,1.3
smart watch,2025-07-11 17:06:27.128080,12,0.67,9,0.14,0.39,1.3
phone case,2025-07-11 17:06:27.128080,22,1.33,6,0.075,0.68,1.3
usb cable,2025-07-12 17:06:27.128080,9,0.85,9,0.298,0.9,1.31
wireless headphones,2025-07-12 17:06:27.128080,19,2.89,2,0.197,0.74,1.31
bluetooth speaker,2025-07-12 17:06:27.128080,16,0.95,9,0.088,0.77,1.31
external drive,2025-07-12 17:06:27.128080,12,0.66,5,0.116,0.45,1.31
laptop bag,2025-07-12 17:06:27.128080,25,0.85,5,0.098,0.4,1.31
gaming mouse,2025-07-12 17:06:27.128080,12,3.59,1,0.072,0.34,1.31
screen protector,2025-07-12 17:06:27.128080,9,0.77,10,0.204,0.6,1.31
tablet stand,2025-07-12 17:06:27.128080,24,1.04,8,0.127,0.46,1.31
fitness tracker,2025-07-12 17:06:27.128080,12,2.32,9,0.07,0.96,1.31
charging cable,2025-07-12 17:06:27.128080,15,5.09,5,0.118,0.99,1.31
phone mount,2025-07-12 17:06:27.128080,13,2.37,3,0.093,0.71,1.31
car charger,2025-07-12 17:06:27.128080,13,0.72,1,0.185,0.94,1.31
power bank,2025-07-12 17:06:27.128080,9,1.92,10,0.058,0.59,1.31
keyboard,2025-07-12 17:06:27.128080,13,0.74,9,0.377,0.53,1.31
smart watch,2025-07-12 17:06:27.128080,5,3.39,5,0.227,0.83,1.31
phone case,2025-07-12 17:06:27.128080,18,1.29,9,0.227,0.38,1.31
usb cable,2025-07-13 17:06:27.128080,21,0.36,7,0.098,0.95,1.31
wireless headphones,2025-07-13 17:06:27.128080,25,2.32,10,0.21,0.47,1.31
bluetooth speaker,2025-07-13 17:06:27.128080,22,0.76,10,0.202,0.86,1.31
external drive,2025-07-13 17:06:27.128080,6,2.11,9,0.132,0.46,1.31
laptop bag,2025-07-13 17:06:27.128080,19,1.25,7,0.039,0.47,1.31
gaming mouse,2025-07-13 17:06:27.128080,11,1.64,5,0.067,0.52,1.31
screen protector,2025-07-13 17:06:27.128080,10,1.3,8,0.22,0.51,1.31
tablet stand,2025-07-13 17:06:27.128080,10,1.58,5,0.072,0.8,1.31
fitness tracker,2025-07-13 17:06:27.128080,19,0.7,8,0.292,0.65,1.31
charging cable,2025-07-13 17:06:27.128080,8,0.57,2,0.164,0.48,1.31
phone mount,2025-07-13 17:06:27.128080,16,1.88,8,0.194,0.8,1.31
car charger,2025-07-13 17:06:27.128080,22,2.43,8,0.05,0.9,1.31
power bank,2025-07-13 17:06:27.128080,11,1.83,8,0.027,0.45,1.31
keyboard,2025-07-13 17:06:27.128080,22,0.92,2,0.121,0.37,1.31
smart watch,2025-07-13 17:06:27.128080,15,1.04,7,0.199,0.91,1.31
phone case,2025-07-13 17:06:27.128080,8,2.88,7,0.323,0.75,1.31
usb cable,2025-07-14 17:06:27.128080,10,2.61,2,0.236,0.85,1.32
wireless headphones,2025-07-14 17:06:27.128080,20,1.86,4,0.173,0.55,1.32
bluetooth speaker,2025-07-14 17:06:27.128080,17,0.47,8,0.254,0.41,1.32
external drive,2025-07-14 17:06:27.128080,7,0.55,4,0.22,0.91,1.32
laptop bag,2025-07-14 17:06:27.128080,21,3.37,8,0.272,0.37,1.32
gaming mouse,2025-07-14 17:06:27.128080,11,2.57,2,0.17,1.0,1.32
screen protector,2025-07-14 17:06:27.128080,14,1.39,1,0.201,0.79,1.32
tablet stand,2025-07-14 17:06:27.128080,25,2.06,4,0.096,0.7,1.32
fitness tracker,2025-07-14 17:06:27.128080,7,0.54,10,0.202,0.75,1.32
charging cable,2025-07-14 17:06:27.128080,8,0.98,7,0.299,0.94,1.32
phone mount,2025-07-14 17:06:27.128080,18,2.69,7,0.322,0.82,1.32
car charger,2025-07-14 17:06:27.128080,8,4.03,7,0.267,0.73,1.32
power bank,2025-07-14 17:06:27.128080,10,0.97,5,0.376,0.94,1.32
keyboard,2025-07-14 17:06:27.128080,17,0.41,10,0.033,0.93,1.32
smart watch,2025-07-14 17:06:27.128080,22,0.87,9,0.119,0.73,1.32
phone case,2025-07-14 17:06:27.128080,23,0.97,7,0.206,0.7,1.32
usb cable,2025-07-15 17:06:27.128080,20,0.61,7,0.118,0.92,1.32
wireless headphones,2025-07-15 17:06:27.128080,10,1.17,2,0.179,0.57,1.32
bluetooth speaker,2025-07-15 17:06:27.128080,21,2.21,3,0.13,0.38,1.32
external drive,2025-07-15 17:06:27.128080,10,3.47,5,0.299,0.71,1.32
laptop bag,2025-07-15 17:06:27.128080,19,0.87,10,0.42,0.87,1.32
gaming mouse,2025-07-15 17:06:27.128080,25,1.5,3,0.116,0.44,1.32
screen protector,2025-07-15 17:06:27.128080,9,0.69,5,0.293,0.83,1.32
tablet stand,2025-07-15 17:06:27.128080,20,1.95,7,0.255,0.9,1.32
fitness tracker,2025-07-15 17:06:27.128080,25,2.13,9,0.373,0.53,1.32
charging cable,2025-07-15 17:06:27.128080,18,1.95,8,0.382,0.46,1.32
phone mount,2025-07-15 17:06:27.128080,6,1.84,8,0.502,0.83,1.32
car charger,2025-07-15 17:06:27.128080,8,0.38,7,0.135,0.89,1.32
power bank,2025-07-15 17:06:27.128080,19,1.14,2,0.145,0.44,1.32
keyboard,2025-07-15 17:06:27.128080,25,5.23,5,0.219,0.68,1.32
smart watch,2025-07-15 17:06:27.128080,21,1.59,10,0.205,0.7,1.32
phone case,2025-07-15 17:06:27.128080,16,4.03,8,0.148,0.41,1.32
usb cable,2025-07-16 17:06:27.128080,24,2.81,3,0.474,0.38,1.32
wireless headphones,2025-07-16 17:06:27.128080,15,3.08,8,0.13,0.68,1.32
bluetooth speaker,2025-07-16 17:06:27.128080,22,1.58,6,0.432,0.92,1.32
external drive,2025-07-16 17:06:27.128080,10,0.89,4,0.212,0.99,1.32
laptop bag,2025-07-16 17:06:27.128080,15,0.44,3,0.154,0.97,1.32
gaming mouse,2025-07-16 17:06:27.128080,24,2.05,9,0.231,0.65,1.32
screen protector,2025-07-16 17:06:27.128080,6,4.26,1,0.206,0.65,1.32
tablet stand,2025-07-16 17:06:27.128080,24,0.84,4,0.103,0.62,1.32
fitness tracker,2025-07-16 17:06:27.128080,14,4.5,2,0.249,0.66,1.32
charging cable,2025-07-16 17:06:27.128080,12,1.4,8,0.204,0.75,1.32
phone mount,2025-07-16 17:06:27.128080,12,0.45,5,0.15,0.65,1.32
car charger,2025-07-16 17:06:27.128080,15,2.86,5,0.22,0.86,1.32
power bank,2025-07-16 17:06:27.128080,9,1.21,5,0.099,0.51,1.32
keyboard,2025-07-16 17:06:27.128080,20,0.84,2,0.033,0.56,1.32
smart watch,2025-07-16 17:06:27.128080,7,1.39,6,0.093,0.97,1.32
phone case,2025-07-16 17:06:27.128080,15,0.85,9,0.291,0.81,1.32
usb cable,2025-07-17 17:06:27.128080,10,1.44,3,0.252,0.56,1.33
wireless headphones,2025-07-17 17:06:27.128080,7,1.61,9,0.103,0.36,1.33
bluetooth speaker,2025-07-17 17:06:27.128080,8,0.32,10,0.28,0.65,1.33
external drive,2025-07-17 17:06:27.128080,15,1.45,2,0.04,0.42,1.33
laptop bag,2025-07-17 17:06:27.128080,19,0.69,2,0.302,0.98,1.33
gaming mouse,2025-07-17 17:06:27.128080,24,2.18,1,0.182,0.74,1.33
screen protector,2025-07-17 17:06:27.128080,19,6.47,1,0.031,0.9,1.33
tablet stand,2025-07-17 17:06:27.128080,18,2.95,8,0.177,0.49,1.33
fitness tracker,2025-07-17 17:06:27.128080,20,1.37,7,0.354,0.8,1.33
charging cable,2025-07-17 17:06:27.128080,24,1.19,4,0.375,0.36,1.33
phone mount,2025-07-17 17:06:27.128080,8,0.78,4,0.141,0.75,1.33
car charger,2025-07-17 17:06:27.128080,8,4.01,7,0.016,1.0,1.33
power bank,2025-07-17 17:06:27.128080,14,2.54,6,0.383,0.51,1.33
keyboard,2025-07-17 17:06:27.128080,12,2.68,9,0.126,0.89,1.33
smart watch,2025-07-17 17:06:27.128080,11,2.24,4,0.088,0.81,1.33
phone case,2025-07-17 17:06:27.128080,17,0.59,5,0.379,0.62,1.33
usb cable,2025-07-18 17:06:27.128080,10,1.76,6,0.219,0.45,1.33
wireless headphones,2025-07-18 17:06:27.128080,15,1.37,1,0.452,0.64,1.33
bluetooth speaker,2025-07-18 17:06:27.128080,12,2.78,6,0.196,0.51,1.33
external drive,2025-07-18 17:06:27.128080,12,1.13,4,0.143,0.88,1.33
laptop bag,2025-07-18 17:06:27.128080,10,2.27,2,0.245,0.65,1.33
gaming mouse,2025-07-18 17:06:27.128080,6,0.54,2,0.268,0.35,1.33
screen protector,2025-07-18 17:06:27.128080,10,1.26,6,0.125,0.79,1.33
tablet stand,2025-07-18 17:06:27.128080,14,1.41,7,0.072,0.61,1.33
fitness tracker,2025-07-18 17:06:27.128080,19,4.05,6,0.13,0.43,1.33
charging cable,2025-07-18 17:06:27.128080,24,1.85,2,0.218,0.97,1.33
phone mount,2025-07-18 17:06:27.128080,14,1.23,10,0.125,0.38,1.33
car charger,2025-07-18 17:06:27.128080,23,3.03,10,0.214,0.55,1.33
power bank,2025-07-18 17:06:27.128080,16,1.24,10,0.299,0.47,1.33
keyboard,2025-07-18 17:06:27.128080,19,0.28,8,0.209,0.33,1.33
smart watch,2025-07-18 17:06:27.128080,6,0.69,4,0.141,0.42,1.33
phone case,2025-07-18 17:06:27.128080,8,4.71,8,0.207,0.33,1.33
usb cable,2025-07-19 17:06:27.128080,5,1.97,6,0.091,0.84,1.34
wireless headphones,2025-07-19 17:06:27.128080,18,0.49,9,0.133,0.43,1.34
bluetooth speaker,2025-07-19 17:06:27.128080,9,3.49,6,0.199,0.9,1.34
external drive,2025-07-19 17:06:27.128080,22,2.91,4,0.064,0.58,1.34
laptop bag,2025-07-19 17:06:27.128080,10,1.67,1,0.111,0.78,1.34
gaming mouse,2025-07-19 17:06:27.128080,7,2.28,5,0.177,0.45,1.34
screen protector,2025-07-19 17:06:27.128080,11,2.6,6,0.113,0.48,1.34
tablet stand,2025-07-19 17:06:27.128080,14,1.46,6,0.049,0.61,1.34
fitness tracker,2025-07-19 17:06:27.128080,17,0.59,4,0.128,0.81,1.34
charging cable,2025-07-19 17:06:27.128080,17,6.21,8,0.481,0.31,1.34
phone mount,2025-07-19 17:06:27.128080,24,2.56,9,0.126,0.67,1.34
car charger,2025-07-19 17:06:27.128080,21,1.38,4,0.255,0.75,1.34
power bank,2025-07-19 17:06:27.128080,18,2.06,9,0.188,0.81,1.34
keyboard,2025-07-19 17:06:27.128080,18,0.94,4,0.161,0.34,1.34
smart watch,2025-07-19 17:06:27.128080,18,0.73,5,0.181,0.86,1.34
phone case,2025-07-19 17:06:27.128080,14,0.82,5,0.107,0.36,1.34
usb cable,2025-07-20 17:06:27.128080,23,1.26,9,0.568,0.86,1.34
wireless headphones,2025-07-20 17:06:27.128080,8,2.12,1,0.281,0.58,1.34
bluetooth speaker,2025-07-20 17:06:27.128080,17,3.43,4,0.072,0.75,1.34
external drive,2025-07-20 17:06:27.128080,9,0.42,7,0.32,0.37,1.34
laptop bag,2025-07-20 17:06:27.128080,19,1.67,4,0.149,0.64,1.34
gaming mouse,2025-07-20 17:06:27.128080,23,2.91,3,0.094,0.71,1.34
screen protector,2025-07-20 17:06:27.128080,25,1.35,1,0.216,0.45,1.34
tablet stand,2025-07-20 17:06:27.128080,17,1.81,1,0.172,0.58,1.34
fitness tracker,2025-07-20 17:06:27.128080,13,0.44,3,0.295,0.98,1.34
charging cable,2025-07-20 17:06:27.128080,23,1.27,5,0.1,0.93,1.34
phone mount,2025-07-20 17:06:27.128080,9,0.7,10,0.104,0.79,1.34
car charger,2025-07-20 17:06:27.128080,24,2.98,3,0.085,0.95,1.34
power bank,2025-07-20 17:06:27.128080,7,2.91,2,0.021,0.71,1.34
keyboard,2025-07-20 17:06:27.128080,24,0.38,3,0.356,0.37,1.34
smart watch,2025-07-20 17:06:27.128080,13,1.35,8,0.283,0.64,1.34
phone case,2025-07-20 17:06:27.128080,13,6.15,4,0.053,0.83,1.34
usb cable,2025-07-21 17:06:27.128080,25,2.26,6,0.093,0.77,1.34
wireless headphones,2025-07-21 17:06:27.128080,6,0.5,7,0.29,0.57,1.34
bluetooth speaker,2025-07-21 17:06:27.128080,24,2.75,8,0.319,0.77,1.34
external drive,2025-07-21 17:06:27.128080,22,1.53,3,0.185,0.96,1.34
laptop bag,2025-07-21 17:06:27.128080,6,1.29,10,0.123,0.69,1.34
gaming mouse,2025-07-21 17:06:27.128080,23,0.22,4,0.189,0.72,1.34
screen protector,2025-07-21 17:06:27.128080,21,0.23,8,0.187,0.95,1.34
tablet stand,2025-07-21 17:06:27.128080,9,1.51,2,0.163,0.72,1.34
fitness tracker,2025-07-21 17:06:27.128080,8,1.86,3,0.066,0.55,1.34
charging cable,2025-07-21 17:06:27.128080,5,0.23,4,0.045,0.31,1.34
phone mount,2025-07-21 17:06:27.128080,21,4.14,3,0.209,0.43,1.34
car charger,2025-07-21 17:06:27.128080,23,1.77,10,0.373,0.32,1.34
power bank,2025-07-21 17:06:27.128080,21,4.57,4,0.185,0.32,1.34
keyboard,2025-07-21 17:06:27.128080,23,1.46,10,0.188,0.8,1.34
smart watch,2025-07-21 17:06:27.128080,6,2.26,2,0.248,0.66,1.34
phone case,2025-07-21 17:06:27.128080,16,1.24,1,0.278,0.52,1.34
usb cable,2025-07-22 17:06:27.128080,16,1.4,10,0.052,0.8,1.35
wireless headphones,2025-07-22 17:06:27.128080,16,1.28,5,0.196,0.78,1.35
bluetooth speaker,2025-07-22 17:06:27.128080,20,0.69,7,0.184,0.31,1.35
external drive,2025-07-22 17:06:27.128080,7,1.39,7,0.256,0.9,1.35
laptop bag,2025-07-22 17:06:27.128080,22,2.05,1,0.326,0.87,1.35
gaming mouse,2025-07-22 17:06:27.128080,25,1.3,7,0.255,0.43,1.35
screen protector,2025-07-22 17:06:27.128080,21,2.1,1,0.289,0.97,1.35
tablet stand,2025-07-22 17:06:27.128080,12,1.94,1,0.172,0.49,1.35
fitness tracker,2025-07-22 17:06:27.128080,14,1.25,1,0.337,0.78,1.35
charging cable,2025-07-22 17:06:27.128080,5,1.45,6,0.092,0.44,1.35
phone mount,2025-07-22 17:06:27.128080,13,1.57,7,0.393,0.37,1.35
car charger,2025-07-22 17:06:27.128080,21,0.92,1,0.116,0.79,1.35
power bank,2025-07-22 17:06:27.128080,7,0.57,4,0.288,0.35,1.35
keyboard,2025-07-22 17:06:27.128080,8,4.98,5,0.16,0.74,1.35
smart watch,2025-07-22 17:06:27.128080,11,0.35,4,0.245,0.69,1.35
phone case,2025-07-22 17:06:27.128080,18,6.57,1,0.025,0.98,1.35
usb cable,2025-07-23 17:06:27.128080,16,1.02,8,0.227,0.88,1.35
wireless headphones,2025-07-23 17:06:27.128080,13,1.78,4,0.169,0.31,1.35
bluetooth speaker,2025-07-23 17:06:27.128080,10,0.43,2,0.174,0.99,1.35
external drive,2025-07-23 17:06:27.128080,8,0.91,2,0.37,0.98,1.35
laptop bag,2025-07-23 17:06:27.128080,16,0.79,5,0.087,0.43,1.35
gaming mouse,2025-07-23 17:06:27.128080,23,5.11,6,0.117,0.9,1.35
screen protector,2025-07-23 17:06:27.128080,24,2.48,10,0.09,0.58,1.35
tablet stand,2025-07-23 17:06:27.128080,9,0.76,10,0.214,0.7,1.35
fitness tracker,2025-07-23 17:06:27.128080,7,0.94,8,0.343,0.94,1.35
charging cable,2025-07-23 17:06:27.128080,24,1.15,2,0.272,0.44,1.35
phone mount,2025-07-23 17:06:27.128080,24,1.19,7,0.507,0.37,1.35
car charger,2025-07-23 17:06:27.128080,24,1.06,1,0.06,0.86,1.35
power bank,2025-07-23 17:06:27.128080,24,2.01,2,0.099,0.34,1.35
keyboard,2025-07-23 17:06:27.128080,12,5.67,7,0.192,0.87,1.35
smart watch,2025-07-23 17:06:27.128080,14,0.85,2,0.158,0.8,1.35
phone case,2025-07-23 17:06:27.128080,20,3.75,7,0.28,0.38,1.35
usb cable,2025-07-24 17:06:27.128080,15,0.6,10,0.079,0.41,1.35
wireless headphones,2025-07-24 17:06:27.128080,9,1.69,1,0.077,0.53,1.35
bluetooth speaker,2025-07-24 17:06:27.128080,16,0.42,10,0.074,0.38,1.35
external drive,2025-07-24 17:06:27.128080,14,0.73,9,0.137,0.4,1.35
laptop bag,2025-07-24 17:06:27.128080,25,0.91,4,0.113,0.61,1.35
gaming mouse,2025-07-24 17:06:27.128080,17,3.65,1,0.166,0.5,1.35
screen protector,2025-07-24 17:06:27.128080,23,1.75,1,0.355,0.85,1.35
tablet stand,2025-07-24 17:06:27.128080,7,2.7,7,0.077,0.53,1.35
fitness tracker,2025-07-24 17:06:27.128080,21,2.24,1,0.084,0.45,1.35
charging cable,2025-07-24 17:06:27.128080,8,0.33,2,0.014,0.73,1.35
phone mount,2025-07-24 17:06:27.128080,15,3.55,4,0.178,0.74,1.35
car charger,2025-07-24 17:06:27.128080,18,0.96,1,0.246,0.84,1.35
power bank,2025-07-24 17:06:27.128080,24,1.35,7,0.15,0.46,1.35
keyboard,2025-07-24 17:06:27.128080,14,1.6,4,0.3,0.38,1.35
smart watch,2025-07-24 17:06:27.128080,24,1.67,5,0.339,0.32,1.35
phone case,2025-07-24 17:06:27.128080,16,0.52,4,0.215,0.9,1.35
usb cable,2025-07-25 17:06:27.128080,25,3.04,5,0.252,0.4,1.36
wireless headphones,2025-07-25 17:06:27.128080,24,0.77,8,0.101,0.34,1.36
bluetooth speaker,2025-07-25 17:06:27.128080,11,3.12,3,0.111,0.84,1.36
external drive,2025-07-25 17:06:27.128080,6,2.96,1,0.062,0.32,1.36
laptop bag,2025-07-25 17:06:27.128080,23,2.11,7,0.15,0.76,1.36
gaming mouse,2025-07-25 17:06:27.128080,6,1.78,2,0.169,0.72,1.36
screen protector,2025-07-25 17:06:27.128080,16,1.22,4,0.228,0.45,1.36
tablet stand,2025-07-25 17:06:27.128080,15,1.47,4,0.148,0.99,1.36
fitness tracker,2025-07-25 17:06:27.128080,25,0.97,1,0.451,0.62,1.36
charging cable,2025-07-25 17:06:27.128080,16,0.17,4,0.294,0.78,1.36
phone mount,2025-07-25 17:06:27.128080,10,0.77,6,0.294,0.78,1.36
car charger,2025-07-25 17:06:27.128080,18,5.33,3,0.253,0.94,1.36
power bank,2025-07-25 17:06:27.128080,14,4.22,9,0.095,0.52,1.36
keyboard,2025-07-25 17:06:27.128080,22,1.13,9,0.169,0.79,1.36
smart watch,2025-07-25 17:06:27.128080,25,0.85,9,0.178,0.74,1.36
phone case,2025-07-25 17:06:27.128080,5,2.54,5,0.139,0.33,1.36
usb cable,2025-07-26 17:06:27.128080,24,1.31,8,0.242,0.77,1.36
wireless headphones,2025-07-26 17:06:27.128080,6,1.07,5,0.228,0.53,1.36
bluetooth speaker,2025-07-26 17:06:27.128080,18,3.68,5,0.147,0.89,1.36
external drive,2025-07-26 17:06:27.128080,22,1.91,6,0.104,0.38,1.36
laptop bag,2025-07-26 17:06:27.128080,15,1.04,6,0.028,0.42,1.36
gaming mouse,2025-07-26 17:06:27.128080,8,0.97,7,0.068,0.96,1.36
screen protector,2025-07-26 17:06:27.128080,23,1.98,4,0.115,0.74,1.36
tablet stand,2025-07-26 17:06:27.128080,10,1.64,5,0.079,0.53,1.36
fitness tracker,2025-07-26 17:06:27.128080,6,1.4,6,0.052,0.75,1.36
charging cable,2025-07-26 17:06:27.128080,25,2.72,8,0.15,0.81,1.36
phone mount,2025-07-26 17:06:27.128080,14,0.99,2,0.122,0.86,1.36
car charger,2025-07-26 17:06:27.128080,7,4.41,10,0.219,0.5,1.36
power bank,2025-07-26 17:06:27.128080,11,1.68,6,0.369,0.33,1.36
keyboard,2025-07-26 17:06:27.128080,11,3.84,10,0.146,0.75,1.36
smart watch,2025-07-26 17:06:27.128080,8,1.34,1,0.115,0.99,1.36
phone case,2025-07-26 17:06:27.128080,12,0.72,9,0.43,0.6,1.36
usb cable,2025-07-27 17:06:27.128080,25,1.21,10,0.485,0.97,1.36
wireless headphones,2025-07-27 17:06:27.128080,7,2.71,7,0.247,0.32,1.36
bluetooth speaker,2025-07-27 17:06:27.128080,17,0.06,8,0.134,0.38,1.36
external drive,2025-07-27 17:06:27.128080,19,1.36,1,0.288,0.91,1.36
laptop bag,2025-07-27 17:06:27.128080,24,0.1,6,0.076,0.6,1.36
gaming mouse,2025-07-27 17:06:27.128080,9,3.57,2,0.229,0.64,1.36
screen protector,2025-07-27 17:06:27.128080,21,2.36,6,0.127,0.67,1.36
tablet stand,2025-07-27 17:06:27.128080,21,4.15,7,0.285,0.37,1.36
fitness tracker,2025-07-27 17:06:27.128080,21,0.73,1,0.525,0.36,1.36
charging cable,2025-07-27 17:06:27.128080,13,2.52,4,0.09,0.57,1.36
phone mount,2025-07-27 17:06:27.128080,24,0.72,5,0.125,0.99,1.36
car charger,2025-07-27 17:06:27.128080,9,3.26,10,0.188,0.32,1.36
power bank,2025-07-27 17:06:27.128080,5,1.49,1,0.247,0.36,1.36
keyboard,2025-07-27 17:06:27.128080,21,0.41,9,0.035,0.43,1.36
smart watch,2025-07-27 17:06:27.128080,23,2.47,3,0.08,0.94,1.36
phone case,2025-07-27 17:06:27.128080,15,1.17,9,0.3,0.61,1.36
usb cable,2025-07-28 17:06:27.128080,25,2.47,6,0.221,0.47,1.37
wireless headphones,2025-07-28 17:06:27.128080,20,2.54,9,0.291,0.8,1.37
bluetooth speaker,2025-07-28 17:06:27.128080,11,0.27,10,0.316,0.37,1.37
external drive,2025-07-28 17:06:27.128080,22,1.64,1,0.124,0.35,1.37
laptop bag,2025-07-28 17:06:27.128080,11,1.57,8,0.153,0.84,1.37
gaming mouse,2025-07-28 17:06:27.128080,5,0.51,4,0.263,0.91,1.37
screen protector,2025-07-28 17:06:27.128080,19,0.36,8,0.098,0.44,1.37
tablet stand,2025-07-28 17:06:27.128080,11,1.45,2,0.149,0.86,1.37
fitness tracker,2025-07-28 17:06:27.128080,9,0.32,1,0.344,0.33,1.37
charging cable,2025-07-28 17:06:27.128080,16,2.32,9,0.205,0.81,1.37
phone mount,2025-07-28 17:06:27.128080,22,1.34,7,0.144,0.82,1.37
car charger,2025-07-28 17:06:27.128080,23,3.47,5,0.2,0.3,1.37
power bank,2025-07-28 17:06:27.128080,21,1.39,6,0.232,0.87,1.37
keyboard,2025-07-28 17:06:27.128080,11,0.16,1,0.276,0.52,1.37
smart watch,2025-07-28 17:06:27.128080,19,1.5,5,0.342,0.3,1.37
phone case,2025-07-28 17:06:27.128080,21,0.6,8,0.056,0.33,1.37
usb cable,2025-07-29 17:06:27.128080,22,2.87,2,0.186,0.49,1.37
wireless headphones,2025-07-29 17:06:27.128080,11,4.1,5,0.576,0.32,1.37
bluetooth speaker,2025-07-29 17:06:27.128080,5,0.68,10,0.074,0.41,1.37
external drive,2025-07-29 17:06:27.128080,16,2.47,2,0.047,0.87,1.37
laptop bag,2025-07-29 17:06:27.128080,13,2.45,1,0.299,0.52,1.37
gaming mouse,2025-07-29 17:06:27.128080,15,0.78,1,0.085,0.86,1.37
screen protector,2025-07-29 17:06:27.128080,7,0.77,9,0.14,0.61,1.37
tablet stand,2025-07-29 17:06:27.128080,8,1.47,4,0.191,0.35,1.37
fitness tracker,2025-07-29 17:06:27.128080,17,0.37,2,0.25,0.76,1.37
charging cable,2025-07-29 17:06:27.128080,20,1.34,1,0.53,0.32,1.37
phone mount,2025-07-29 17:06:27.128080,5,0.84,1,0.18,0.35,1.37
car charger,2025-07-29 17:06:27.128080,13,3.32,9,0.047,0.44,1.37
power bank,2025-07-29 17:06:27.128080,16,1.27,5,0.098,0.38,1.37
keyboard,2025-07-29 17:06:27.128080,8,0.06,3,0.28,0.37,1.37
smart watch,2025-07-29 17:06:27.128080,11,1.51,5,0.064,0.35,1.37
phone case,2025-07-29 17:06:27.128080,21,1.46,2,0.075,0.89,1.37
usb cable,2025-07-30 17:06:27.128080,5,1.09,10,0.025,0.72,1.37
wireless headphones,2025-07-30 17:06:27.128080,14,1.48,6,0.073,0.66,1.37
bluetooth speaker,2025-07-30 17:06:27.128080,10,1.04,6,0.169,0.36,1.37
external drive,2025-07-30 17:06:27.128080,15,1.7,4,0.12,0.5,1.37
laptop bag,2025-07-30 17:06:27.128080,23,0.93,7,0.052,0.95,1.37
gaming mouse,2025-07-30 17:06:27.128080,9,2.54,6,0.251,0.48,1.37
screen protector,2025-07-30 17:06:27.128080,16,1.1,7,0.215,0.42,1.37
tablet stand,2025-07-30 17:06:27.128080,7,2.37,5,0.405,0.92,1.37
fitness tracker,2025-07-30 17:06:27.128080,13,1.2,2,0.155,0.6,1.37
charging cable,2025-07-30 17:06:27.128080,9,2.79,10,0.066,0.55,1.37
phone mount,2025-07-30 17:06:27.128080,22,1.25,8,0.219,0.86,1.37
car charger,2025-07-30 17:06:27.128080,6,2.5,2,0.183,1.0,1.37
power bank,2025-07-30 17:06:27.128080,6,1.98,10,0.078,0.38,1.37
keyboard,2025-07-30 17:06:27.128080,11,1.11,3,0.242,0.68,1.37
smart watch,2025-07-30 17:06:27.128080,8,1.42,6,0.094,0.41,1.37
phone case,2025-07-30 17:06:27.128080,9,3.43,10,0.186,0.86,1.37
usb cable,2025-07-31 17:06:27.128080,13,0.23,2,0.039,0.31,1.37
wireless headphones,2025-07-31 17:06:27.128080,20,1.11,7,0.067,1.0,1.37
bluetooth speaker,2025-07-31 17:06:27.128080,8,1.03,2,0.377,0.41,1.37
external drive,2025-07-31 17:06:27.128080,8,2.7,5,0.449,0.64,1.37
laptop bag,2025-07-31 17:06:27.128080,21,1.22,4,0.262,0.95,1.37
gaming mouse,2025-07-31 17:06:27.128080,10,3.22,5,0.232,0.92,1.37
screen protector,2025-07-31 17:06:27.128080,6,2.45,10,0.205,0.34,1.37
tablet stand,2025-07-31 17:06:27.128080,17,0.33,6,0.266,0.82,1.37
fitness tracker,2025-07-31 17:06:27.128080,9,4.54,7,0.166,0.8,1.37
charging cable,2025-07-31 17:06:27.128080,7,2.03,3,0.271,0.39,1.37
phone mount,2025-07-31 17:06:27.128080,8,0.51,7,0.078,0.75,1.37
car charger,2025-07-31 17:06:27.128080,18,0.6,10,0.187,0.31,1.37
power bank,2025-07-31 17:06:27.128080,14,1.34,9,0.178,0.97,1.37
keyboard,2025-07-31 17:06:27.128080,7,1.24,1,0.303,0.59,1.37
smart watch,2025-07-31 17:06:27.128080,5,1.01,2,0.411,0.77,1.37
phone case,2025-07-31 17:06:27.128080,7,1.93,3,0.226,0.43,1.37
usb cable,2025-08-01 17:06:27.128080,11,0.46,4,0.23,0.91,1.38
wireless headphones,2025-08-01 17:06:27.128080,5,0.84,2,0.087,0.39,1.38
bluetooth speaker,2025-08-01 17:06:27.128080,18,0.91,8,0.343,0.99,1.38
external drive,2025-08-01 17:06:27.128080,23,0.41,7,0.465,0.43,1.38
laptop bag,2025-08-01 17:06:27.128080,15,0.95,6,0.263,0.62,1.38
gaming mouse,2025-08-01 17:06:27.128080,25,3.22,7,0.099,0.75,1.38
screen protector,2025-08-01 17:06:27.128080,25,0.73,8,0.071,0.48,1.38
tablet stand,2025-08-01 17:06:27.128080,12,4.58,3,0.306,0.36,1.38
fitness tracker,2025-08-01 17:06:27.128080,12,2.67,9,0.087,0.78,1.38
charging cable,2025-08-01 17:06:27.128080,25,2.37,4,0.226,0.33,1.38
phone mount,2025-08-01 17:06:27.128080,17,0.17,9,0.181,0.92,1.38
car charger,2025-08-01 17:06:27.128080,14,0.86,2,0.083,0.37,1.38
power bank,2025-08-01 17:06:27.128080,14,2.44,4,0.194,0.64,1.38
keyboard,2025-08-01 17:06:27.128080,14,0.23,5,0.034,0.54,1.38
smart watch,2025-08-01 17:06:27.128080,17,1.79,3,0.065,0.55,1.38
phone case,2025-08-01 17:06:27.128080,10,2.49,9,0.147,0.33,1.38
usb cable,2025-08-02 17:06:27.128080,5,0.95,8,0.209,0.71,1.38
wireless headphones,2025-08-02 17:06:27.128080,13,1.23,10,0.035,0.82,1.38
bluetooth speaker,2025-08-02 17:06:27.128080,25,1.81,1,0.2,0.51,1.38
external drive,2025-08-02 17:06:27.128080,15,2.68,4,0.222,0.41,1.38
laptop bag,2025-08-02 17:06:27.128080,21,0.67,10,0.451,0.57,1.38
gaming mouse,2025-08-02 17:06:27.128080,25,3.42,1,0.225,0.56,1.38
screen protector,2025-08-02 17:06:27.128080,15,1.7,10,0.164,0.81,1.38
tablet stand,2025-08-02 17:06:27.128080,16,1.35,1,0.014,0.58,1.38
fitness tracker,2025-08-02 17:06:27.128080,24,3.29,5,0.346,0.9,1.38
charging cable,2025-08-02 17:06:27.128080,10,0.16,9,0.153,1.0,1.38
phone mount,2025-08-02 17:06:27.128080,25,2.33,2,0.244,0.57,1.38
car charger,2025-08-02 17:06:27.128080,18,0.11,9,0.069,0.48,1.38
power bank,2025-08-02 17:06:27.128080,12,4.46,7,0.134,0.46,1.38
keyboard,2025-08-02 17:06:27.128080,9,0.54,6,0.288,0.83,1.38
smart watch,2025-08-02 17:06:27.128080,19,1.72,8,0.398,0.92,1.38
phone case,2025-08-02 17:06:27.128080,10,2.16,2,0.259,0.38,1.38
usb cable,2025-08-03 17:06:27.128080,5,1.15,9,0.209,0.96,1.38
wireless headphones,2025-08-03 17:06:27.128080,20,3.26,3,0.142,0.46,1.38
bluetooth speaker,2025-08-03 17:06:27.128080,19,0.61,5,0.134,0.94,1.38
external drive,2025-08-03 17:06:27.128080,8,2.25,1,0.163,0.58,1.38
laptop bag,2025-08-03 17:06:27.128080,16,0.83,10,0.296,0.64,1.38
gaming mouse,2025-08-03 17:06:27.128080,7,2.81,6,0.282,0.66,1.38
screen protector,2025-08-03 17:06:27.128080,19,0.43,10,0.397,0.58,1.38
tablet stand,2025-08-03 17:06:27.128080,21,1.07,2,0.151,0.94,1.38
fitness tracker,2025-08-03 17:06:27.128080,16,0.66,6,0.135,0.31,1.38
charging cable,2025-08-03 17:06:27.128080,15,1.78,2,0.163,0.66,1.38
phone mount,2025-08-03 17:06:27.128080,22,1.11,5,0.016,0.9,1.38
car charger,2025-08-03 17:06:27.128080,23,0.67,6,0.158,0.63,1.38
power bank,2025-08-03 17:06:27.128080,16,0.51,3,0.039,0.74,1.38
keyboard,2025-08-03 17:06:27.128080,24,0.12,7,0.221,0.74,1.38
smart watch,2025-08-03 17:06:27.128080,13,0.44,4,0.61,0.8,1.38
phone case,2025-08-03 17:06:27.128080,25,2.05,6,0.304,0.79,1.38
usb cable,2025-08-04 17:06:27.128080,9,2.82,3,0.227,0.33,1.38
wireless headphones,2025-08-04 17:06:27.128080,8,0.74,8,0.575,0.68,1.38
bluetooth speaker,2025-08-04 17:06:27.128080,11,7.4,3,0.112,0.76,1.38
external drive,2025-08-04 17:06:27.128080,22,3.68,5,0.196,0.65,1.38
laptop bag,2025-08-04 17:06:27.128080,9,0.64,5,0.158,0.74,1.38
gaming mouse,2025-08-04 17:06:27.128080,21,2.16,8,0.135,0.79,1.38
screen protector,2025-08-04 17:06:27.128080,25,1.74,3,0.146,0.9,1.38
tablet stand,2025-08-04 17:06:27.128080,23,0.9,9,0.1,0.76,1.38
fitness tracker,2025-08-04 17:06:27.128080,6,0.17,3,0.592,0.43,1.38
charging cable,2025-08-04 17:06:27.128080,5,2.27,3,0.081,0.82,1.38
phone mount,2025-08-04 17:06:27.128080,24,3.05,2,0.075,0.56,1.38
car charger,2025-08-04 17:06:27.128080,25,2.01,8,0.26,0.84,1.38
power bank,2025-08-04 17:06:27.128080,10,0.49,7,0.235,0.31,1.38
keyboard,2025-08-04 17:06:27.128080,15,1.36,2,0.203,0.65,1.38
smart watch,2025-08-04 17:06:27.128080,25,0.21,4,0.101,0.73,1.38
phone case,2025-08-04 17:06:27.128080,13,1.79,3,0.172,0.66,1.38
usb cable,2025-08-05 17:06:27.128080,6,0.91,5,0.136,0.83,1.38
wireless headphones,2025-08-05 17:06:27.128080,25,2.51,6,0.133,0.76,1.38
bluetooth speaker,2025-08-05 17:06:27.128080,20,0.79,9,0.328,0.72,1.38
external drive,2025-08-05 17:06:27.128080,8,0.64,4,0.16,0.91,1.38
laptop bag,2025-08-05 17:06:27.128080,8,0.35,5,0.176,0.88,1.38
gaming mouse,2025-08-05 17:06:27.128080,16,3.61,7,0.113,0.87,1.38
screen protector,2025-08-05 17:06:27.128080,9,2.33,6,0.156,0.3,1.38
tablet stand,2025-08-05 17:06:27.128080,12,1.34,1,0.178,0.43,1.38
fitness tracker,2025-08-05 17:06:27.128080,11,2.31,1,0.334,0.53,1.38
charging cable,2025-08-05 17:06:27.128080,9,0.87,5,0.109,0.56,1.38
phone mount,2025-08-05 17:06:27.128080,7,1.43,4,0.078,0.57,1.38
car charger,2025-08-05 17:06:27.128080,5,0.27,1,0.148,0.34,1.38
power bank,2025-08-05 17:06:27.128080,8,1.01,2,0.254,0.87,1.38
keyboard,2025-08-05 17:06:27.128080,11,1.17,2,0.148,0.83,1.38
smart watch,2025-08-05 17:06:27.128080,14,2.12,7,0.315,0.83,1.38
phone case,2025-08-05 17:06:27.128080,14,0.45,5,0.327,0.43,1.38
usb cable,2025-08-06 17:06:27.128080,10,0.5,2,0.264,0.93,1.39
wireless headphones,2025-08-06 17:06:27.128080,14,3.62,4,0.38,1.0,1.39
bluetooth speaker,2025-08-06 17:06:27.128080,19,0.97,8,0.262,0.46,1.39
external drive,2025-08-06 17:06:27.128080,21,1.78,1,0.178,0.8,1.39
laptop bag,2025-08-06 17:06:27.128080,16,2.32,6,0.211,0.6,1.39
gaming mouse,2025-08-06 17:06:27.128080,24,0.87,3,0.044,0.87,1.39
screen protector,2025-08-06 17:06:27.128080,9,1.53,8,0.133,0.88,1.39
tablet stand,2025-08-06 17:06:27.128080,20,2.47,1,0.106,0.92,1.39
fitness tracker,2025-08-06 17:06:27.128080,9,1.5,7,0.336,0.97,1.39
charging cable,2025-08-06 17:06:27.128080,6,1.59,5,0.17,0.35,1.39
phone mount,2025-08-06 17:06:27.128080,23,0.84,8,0.099,0.74,1.39
car charger,2025-08-06 17:06:27.128080,17,1.11,10,0.167,0.44,1.39
power bank,2025-08-06 17:06:27.128080,25,0.24,8,0.232,0.65,1.39
keyboard,2025-08-06 17:06:27.128080,24,0.91,10,0.149,0.57,1.39
smart watch,2025-08-06 17:06:27.128080,21,1.55,8,0.131,0.64,1.39
phone case,2025-08-06 17:06:27.128080,10,0.31,6,0.272,0.52,1.39
usb cable,2025-08-07 17:06:27.128080,17,1.29,10,0.346,0.62,1.39
wireless headphones,2025-08-07 17:06:27.128080,18,0.29,5,0.228,0.84,1.39
bluetooth speaker,2025-08-07 17:06:27.128080,7,2.04,2,0.438,0.88,1.39
external drive,2025-08-07 17:06:27.128080,11,0.6,6,0.241,0.4,1.39
laptop bag,2025-08-07 17:06:27.128080,5,1.44,8,0.497,0.95,1.39
gaming mouse,2025-08-07 17:06:27.128080,18,2.15,5,0.138,0.99,1.39
screen protector,2025-08-07 17:06:27.128080,24,0.15,10,0.145,0.44,1.39
tablet stand,2025-08-07 17:06:27.128080,17,2.49,8,0.173,0.77,1.39
fitness tracker,2025-08-07 17:06:27.128080,10,0.98,8,0.321,0.66,1.39
charging cable,2025-08-07 17:06:27.128080,17,2.18,4,0.236,0.95,1.39
phone mount,2025-08-07 17:06:27.128080,11,1.45,10,0.016,0.77,1.39
car charger,2025-08-07 17:06:27.128080,18,1.92,9,0.317,0.49,1.39
power bank,2025-08-07 17:06:27.128080,5,2.72,1,0.207,0.88,1.39
keyboard,2025-08-07 17:06:27.128080,19,0.2,2,0.395,0.7,1.39
smart watch,2025-08-07 17:06:27.128080,8,2.28,10,0.077,0.98,1.39
phone case,2025-08-07 17:06:27.128080,14,1.69,8,0.132,0.46,1.39
usb cable,2025-08-08 17:06:27.128080,15,2.05,1,0.022,0.9,1.39
wireless headphones,2025-08-08 17:06:27.128080,16,0.29,3,0.104,0.64,1.39
bluetooth speaker,2025-08-08 17:06:27.128080,9,2.98,1,0.031,0.37,1.39
external drive,2025-08-08 17:06:27.128080,8,1.48,2,0.331,0.89,1.39
laptop bag,2025-08-08 17:06:27.128080,9,0.57,8,0.094,0.38,1.39
gaming mouse,2025-08-08 17:06:27.128080,5,1.72,5,0.222,0.93,1.39
screen protector,2025-08-08 17:06:27.128080,9,1.18,3,0.175,0.78,1.39
tablet stand,2025-08-08 17:06:27.128080,16,2.26,10,0.223,0.54,1.39
fitness tracker,2025-08-08 17:06:27.128080,12,2.26,4,0.246,0.95,1.39
charging cable,2025-08-08 17:06:27.128080,25,1.34,3,0.19,0.65,1.39
phone mount,2025-08-08 17:06:27.128080,11,1.7,9,0.278,0.43,1.39
car charger,2025-08-08 17:06:27.128080,7,1.03,5,0.088,0.46,1.39
power bank,2025-08-08 17:06:27.128080,12,0.5,4,0.083,0.93,1.39
keyboard,2025-08-08 17:06:27.128080,8,3.4,7,0.173,0.82,1.39
smart watch,2025-08-08 17:06:27.128080,7,2.41,7,0.128,0.5,1.39
phone case,2025-08-08 17:06:27.128080,17,1.24,10,0.197,0.8,1.39
usb cable,2025-08-09 17:06:27.128080,20,0.4,5,0.156,0.66,1.39
wireless headphones,2025-08-09 17:06:27.128080,14,1.06,7,0.316,0.53,1.39
bluetooth speaker,2025-08-09 17:06:27.128080,23,0.7,8,0.599,0.51,1.39
external drive,2025-08-09 17:06:27.128080,6,1.11,8,0.374,0.64,1.39
laptop bag,2025-08-09 17:06:27.128080,8,2.12,2,0.291,0.69,1.39
gaming mouse,2025-08-09 17:06:27.128080,24,1.94,9,0.238,0.64,1.39
screen protector,2025-08-09 17:06:27.128080,23,1.84,6,0.181,0.74,1.39
tablet stand,2025-08-09 17:06:27.128080,7,0.46,2,0.24,0.76,1.39
fitness tracker,2025-08-09 17:06:27.128080,8,0.94,6,0.114,0.88,1.39
charging cable,2025-08-09 17:06:27.128080,20,1.93,9,0.115,0.93,1.39
phone mount,2025-08-09 17:06:27.128080,19,1.18,3,0.412,0.73,1.39
car charger,2025-08-09 17:06:27.128080,12,2.6,10,0.109,0.83,1.39
power bank,2025-08-09 17:06:27.128080,6,1.08,4,0.053,0.97,1.39
keyboard,2025-08-09 17:06:27.128080,20,0.46,2,0.362,0.98,1.39
smart watch,2025-08-09 17:06:27.128080,15,1.79,6,0.358,0.37,1.39
phone case,2025-08-09 17:06:27.128080,21,4.86,7,0.249,0.37,1.39
usb cable,2025-08-10 17:06:27.128080,5,3.72,3,0.066,0.88,1.39
wireless headphones,2025-08-10 17:06:27.128080,17,2.99,5,0.146,0.62,1.39
bluetooth speaker,2025-08-10 17:06:27.128080,9,1.32,4,0.178,0.49,1.39
external drive,2025-08-10 17:06:27.128080,17,1.47,3,0.415,0.42,1.39
laptop bag,2025-08-10 17:06:27.128080,14,0.96,6,0.143,0.65,1.39
gaming mouse,2025-08-10 17:06:27.128080,21,1.54,9,0.082,0.87,1.39
screen protector,2025-08-10 17:06:27.128080,14,1.83,7,0.038,0.5,1.39
tablet stand,2025-08-10 17:06:27.128080,23,0.53,4,0.211,0.8,1.39
fitness tracker,2025-08-10 17:06:27.128080,19,1.87,2,0.288,0.82,1.39
charging cable,2025-08-10 17:06:27.128080,13,1.26,8,0.249,0.78,1.39
phone mount,2025-08-10 17:06:27.128080,25,0.74,9,0.03,0.67,1.39
car charger,2025-08-10 17:06:27.128080,20,0.51,6,0.124,0.49,1.39
power bank,2025-08-10 17:06:27.128080,5,0.41,9,0.09,0.34,1.39
keyboard,2025-08-10 17:06:27.128080,5,2.24,6,0.054,0.84,1.39
smart watch,2025-08-10 17:06:27.128080,25,2.31,8,0.314,0.66,1.39
phone case,2025-08-10 17:06:27.128080,25,1.78,2,0.197,0.43,1.39
usb cable,2025-08-11 17:06:27.128080,7,1.4,8,0.204,0.54,1.39
wireless headphones,2025-08-11 17:06:27.128080,21,1.65,5,0.353,0.42,1.39
bluetooth speaker,2025-08-11 17:06:27.128080,25,0.78,5,0.198,0.96,1.39
external drive,2025-08-11 17:06:27.128080,13,2.86,1,0.236,0.54,1.39
laptop bag,2025-08-11 17:06:27.128080,6,1.22,3,0.07,0.46,1.39
gaming mouse,2025-08-11 17:06:27.128080,20,2.87,5,0.114,0.94,1.39
screen protector,2025-08-11 17:06:27.128080,21,1.77,10,0.135,0.71,1.39
tablet stand,2025-08-11 17:06:27.128080,13,2.67,3,0.19,0.69,1.39
fitness tracker,2025-08-11 17:06:27.128080,13,0.25,5,0.364,0.75,1.39
charging cable,2025-08-11 17:06:27.128080,12,1.2,8,0.076,0.83,1.39
phone mount,2025-08-11 17:06:27.128080,24,1.97,4,0.017,0.69,1.39
car charger,2025-08-11 17:06:27.128080,17,1.45,7,0.08,0.45,1.39
power bank,2025-08-11 17:06:27.128080,18,1.47,1,0.199,0.64,1.39
keyboard,2025-08-11 17:06:27.128080,14,0.7,5,0.151,0.84,1.39
smart watch,2025-08-11 17:06:27.128080,22,0.81,7,0.381,0.5,1.39
phone case,2025-08-11 17:06:27.128080,19,3.65,2,0.401,0.39,1.39
usb cable,2025-08-12 17:06:27.128080,8,0.45,9,0.139,0.9,1.39
wireless headphones,2025-08-12 17:06:27.128080,21,1.33,2,0.297,0.75,1.39
bluetooth speaker,2025-08-12 17:06:27.128080,18,3.39,2,0.051,0.84,1.39
external drive,2025-08-12 17:06:27.128080,21,0.48,3,0.391,0.41,1.39
laptop bag,2025-08-12 17:06:27.128080,20,3.59,8,0.171,0.68,1.39
gaming mouse,2025-08-12 17:06:27.128080,25,5.0,4,0.155,0.45,1.39
screen protector,2025-08-12 17:06:27.128080,14,4.1,8,0.316,0.77,1.39
tablet stand,2025-08-12 17:06:27.128080,19,0.08,5,0.097,0.52,1.39
fitness tracker,2025-08-12 17:06:27.128080,23,0.35,7,0.224,0.96,1.39
charging cable,2025-08-12 17:06:27.128080,19,2.54,9,0.082,0.58,1.39
phone mount,2025-08-12 17:06:27.128080,14,1.99,6,0.222,0.54,1.39
car charger,2025-08-12 17:06:27.128080,9,0.96,8,0.143,0.65,1.39
power bank,2025-08-12 17:06:27.128080,12,2.53,4,0.141,0.57,1.39
keyboard,2025-08-12 17:06:27.128080,25,0.98,2,0.092,0.88,1.39
smart watch,2025-08-12 17:06:27.128080,25,1.2,9,0.08,0.53,1.39
phone case,2025-08-12 17:06:27.128080,21,1.21,2,0.125,0.87,1.39
usb cable,2025-08-13 17:06:27.128080,15,0.63,7,0.443,0.52,1.4
wireless headphones,2025-08-13 17:06:27.128080,20,1.03,6,0.33,0.36,1.4
bluetooth speaker,2025-08-13 17:06:27.128080,14,1.44,2,0.102,0.41,1.4
external drive,2025-08-13 17:06:27.128080,11,3.91,6,0.06,0.68,1.4
laptop bag,2025-08-13 17:06:27.128080,13,0.55,6,0.15,0.39,1.4
gaming mouse,2025-08-13 17:06:27.128080,15,0.97,8,0.388,0.88,1.4
screen protector,2025-08-13 17:06:27.128080,24,0.79,8,0.079,0.78,1.4
tablet stand,2025-08-13 17:06:27.128080,25,2.04,1,0.14,0.87,1.4
fitness tracker,2025-08-13 17:06:27.128080,19,0.61,10,0.247,0.74,1.4
charging cable,2025-08-13 17:06:27.128080,6,2.6,8,0.142,0.45,1.4
phone mount,2025-08-13 17:06:27.128080,19,1.33,1,0.128,0.55,1.4
car charger,2025-08-13 17:06:27.128080,14,1.13,6,0.039,0.73,1.4
power bank,2025-08-13 17:06:27.128080,15,1.02,4,0.304,0.55,1.4
keyboard,2025-08-13 17:06:27.128080,5,2.33,1,0.158,0.79,1.4
smart watch,2025-08-13 17:06:27.128080,7,1.64,8,0.119,0.8,1.4
phone case,2025-08-13 17:06:27.128080,11,2.17,2,0.179,0.7,1.4
usb cable,2025-08-14 17:06:27.128080,13,1.13,2,0.197,0.33,1.4
wireless headphones,2025-08-14 17:06:27.128080,9,1.05,8,0.143,0.55,1.4
bluetooth speaker,2025-08-14 17:06:27.128080,10,0.66,6,0.018,0.61,1.4
external drive,2025-08-14 17:06:27.128080,23,3.85,3,0.349,0.48,1.4
laptop bag,2025-08-14 17:06:27.128080,8,0.49,3,0.161,0.4,1.4
gaming mouse,2025-08-14 17:06:27.128080,23,2.76,9,0.47,0.59,1.4
screen protector,2025-08-14 17:06:27.128080,16,0.51,7,0.049,0.96,1.4
tablet stand,2025-08-14 17:06:27.128080,19,2.12,3,0.354,0.73,1.4
fitness tracker,2025-08-14 17:06:27.128080,13,2.08,1,0.145,0.6,1.4
charging cable,2025-08-14 17:06:27.128080,16,1.59,6,0.242,0.92,1.4
phone mount,2025-08-14 17:06:27.128080,15,2.51,3,0.109,0.75,1.4
car charger,2025-08-14 17:06:27.128080,15,0.32,2,0.178,0.93,1.4
power bank,2025-08-14 17:06:27.128080,20,0.72,8,0.033,0.98,1.4
keyboard,2025-08-14 17:06:27.128080,14,1.19,9,0.121,0.38,1.4
smart watch,2025-08-14 17:06:27.128080,16,4.54,7,0.071,0.85,1.4
phone case,2025-08-14 17:06:27.128080,15,1.16,3,0.129,0.84,1.4
usb cable,2025-08-15 17:06:27.128080,25,0.49,7,0.47,0.32,1.4
wireless headphones,2025-08-15 17:06:27.128080,14,0.58,3,0.09,0.7,1.4
bluetooth speaker,2025-08-15 17:06:27.128080,13,1.52,4,0.429,0.92,1.4
external drive,2025-08-15 17:06:27.128080,19,2.96,5,0.206,0.38,1.4
laptop bag,2025-08-15 17:06:27.128080,9,1.08,9,0.25,0.54,1.4
gaming mouse,2025-08-15 17:06:27.128080,9,0.56,3,0.178,0.34,1.4
screen protector,2025-08-15 17:06:27.128080,5,1.0,3,0.242,0.54,1.4
tablet stand,2025-08-15 17:06:27.128080,9,1.16,1,0.189,0.99,1.4
fitness tracker,2025-08-15 17:06:27.128080,13,2.67,2,0.214,0.58,1.4
charging cable,2025-08-15 17:06:27.128080,5,1.78,7,0.111,0.33,1.4
phone mount,2025-08-15 17:06:27.128080,14,0.69,10,0.298,0.4,1.4
car charger,2025-08-15 17:06:27.128080,17,0.72,1,0.089,0.89,1.4
power bank,2025-08-15 17:06:27.128080,19,1.12,3,0.292,0.64,1.4
keyboard,2025-08-15 17:06:27.128080,17,0.42,6,0.346,0.59,1.4
smart watch,2025-08-15 17:06:27.128080,10,1.79,1,0.36,0.94,1.4
phone case,2025-08-15 17:06:27.128080,8,1.8,5,0.108,0.57,1.4
usb cable,2025-08-16 17:06:27.128080,21,2.55,8,0.044,0.59,1.4
wireless headphones,2025-08-16 17:06:27.128080,18,2.16,1,0.506,0.36,1.4
bluetooth speaker,2025-08-16 17:06:27.128080,24,2.39,7,0.181,0.56,1.4
external drive,2025-08-16 17:06:27.128080,19,1.05,4,0.134,0.76,1.4
laptop bag,2025-08-16 17:06:27.128080,19,2.16,3,0.186,0.44,1.4
gaming mouse,2025-08-16 17:06:27.128080,16,2.78,1,0.123,0.33,1.4
screen protector,2025-08-16 17:06:27.128080,6,4.28,10,0.09,0.8,1.4
tablet stand,2025-08-16 17:06:27.128080,12,2.19,3,0.237,0.79,1.4
fitness tracker,2025-08-16 17:06:27.128080,8,0.63,10,0.478,0.97,1.4
charging cable,2025-08-16 17:06:27.128080,15,1.6,7,0.272,0.73,1.4
phone mount,2025-08-16 17:06:27.128080,24,0.97,4,0.638,0.62,1.4
car charger,2025-08-16 17:06:27.128080,10,0.39,1,0.176,0.55,1.4
power bank,2025-08-16 17:06:27.128080,16,1.68,1,0.226,0.51,1.4
keyboard,2025-08-16 17:06:27.128080,18,0.42,6,0.491,0.44,1.4
smart watch,2025-08-16 17:06:27.128080,6,1.23,7,0.022,0.36,1.4
phone case,2025-08-16 17:06:27.128080,23,2.42,7,0.203,0.51,1.4
usb cable,2025-08-17 17:06:27.128080,25,1.75,2,0.228,0.91,1.4
wireless headphones,2025-08-17 17:06:27.128080,15,2.26,9,0.108,0.38,1.4
bluetooth speaker,2025-08-17 17:06:27.128080,21,0.96,5,0.263,0.57,1.4
external drive,2025-08-17 17:06:27.128080,13,0.27,6,0.124,0.99,1.4
laptop bag,2025-08-17 17:06:27.128080,9,0.49,4,0.253,0.72,1.4
gaming mouse,2025-08-17 17:06:27.128080,17,1.66,5,0.557,0.8,1.4
screen protector,2025-08-17 17:06:27.128080,23,1.12,5,0.533,0.72,1.4
tablet stand,2025-08-17 17:06:27.128080,7,1.76,2,0.107,0.81,1.4
fitness tracker,2025-08-17 17:06:27.128080,5,0.26,1,0.146,0.56,1.4
charging cable,2025-08-17 17:06:27.128080,10,0.86,1,0.416,0.48,1.4
phone mount,2025-08-17 17:06:27.128080,22,1.04,10,0.176,0.44,1.4
car charger,2025-08-17 17:06:27.128080,17,1.39,8,0.159,0.54,1.4
power bank,2025-08-17 17:06:27.128080,17,0.83,1,0.096,0.36,1.4
keyboard,2025-08-17 17:06:27.128080,14,1.7,1,0.132,0.88,1.4
smart watch,2025-08-17 17:06:27.128080,18,2.4,3,0.542,0.78,1.4
phone case,2025-08-17 17:06:27.128080,12,1.65,3,0.203,0.48,1.4
usb cable,2025-08-18 17:06:27.128080,8,1.42,6,0.137,0.75,1.4
wireless headphones,2025-08-18 17:06:27.128080,8,5.17,8,0.166,0.8,1.4
bluetooth speaker,2025-08-18 17:06:27.128080,15,1.52,2,0.146,0.84,1.4
external drive,2025-08-18 17:06:27.128080,24,1.74,7,0.177,0.69,1.4
laptop bag,2025-08-18 17:06:27.128080,20,1.24,10,0.05,0.56,1.4
gaming mouse,2025-08-18 17:06:27.128080,10,1.75,10,0.205,0.31,1.4
screen protector,2025-08-18 17:06:27.128080,18,0.87,1,0.166,0.78,1.4
tablet stand,2025-08-18 17:06:27.128080,15,0.64,9,0.183,0.34,1.4
fitness tracker,2025-08-18 17:06:27.128080,18,1.68,6,0.52,0.88,1.4
charging cable,2025-08-18 17:06:27.128080,12,2.38,2,0.062,0.86,1.4
phone mount,2025-08-18 17:06:27.128080,13,1.58,4,0.479,0.87,1.4
car charger,2025-08-18 17:06:27.128080,13,1.08,3,0.166,0.31,1.4
power bank,2025-08-18 17:06:27.128080,10,2.41,1,0.405,0.69,1.4
keyboard,2025-08-18 17:06:27.128080,20,0.88,1,0.39,0.5,1.4
smart watch,2025-08-18 17:06:27.128080,14,3.24,4,0.412,0.63,1.4
phone case,2025-08-18 17:06:27.128080,7,0.97,1,0.218,0.38,1.4
usb cable,2025-08-19 17:06:27.128080,19,0.85,8,0.097,0.89,1.4
wireless headphones,2025-08-19 17:06:27.128080,10,0.13,3,0.095,0.68,1.4
bluetooth speaker,2025-08-19 17:06:27.128080,9,0.08,9,0.45,0.52,1.4
external drive,2025-08-19 17:06:27.128080,19,1.03,5,0.242,0.58,1.4
laptop bag,2025-08-19 17:06:27.128080,24,0.59,10,0.137,0.72,1.4
gaming mouse,2025-08-19 17:06:27.128080,15,1.05,9,0.244,0.36,1.4
screen protector,2025-08-19 17:06:27.128080,23,1.27,4,0.071,0.31,1.4
tablet stand,2025-08-19 17:06:27.128080,17,1.28,8,0.145,0.52,1.4
fitness tracker,2025-08-19 17:06:27.128080,14,0.63,3,0.156,0.55,1.4
charging cable,2025-08-19 17:06:27.128080,22,4.68,7,0.054,0.57,1.4
phone mount,2025-08-19 17:06:27.128080,6,1.72,2,0.222,0.88,1.4
car charger,2025-08-19 17:06:27.128080,20,1.2,7,0.131,0.43,1.4
power bank,2025-08-19 17:06:27.128080,25,1.6,8,0.26,0.89,1.4
keyboard,2025-08-19 17:06:27.128080,21,1.66,8,0.038,0.59,1.4
smart watch,2025-08-19 17:06:27.128080,11,0.98,9,0.199,0.86,1.4
phone case,2025-08-19 17:06:27.128080,21,3.53,1,0.048,0.51,1.4
